residue	grasp	puresnet	deeppocket	pointsite	p2rank
E9AHS8_MET_1_A	0	0	0	0	0
E9AHS8_ILE_2_A	0	0	0	0	0
E9AHS8_GLN_3_A	0	0	0	0	0
E9AHS8_CYS_4_A	0	0	0	0	0
E9AHS8_ASP_5_A	0	0	1	0	0
E9AHS8_ARG_6_A	0	0	1	0	0
E9AHS8_ALA_7_A	0	0	1	0	0
E9AHS8_PRO_8_A	0	0	1	0	0
E9AHS8_PRO_9_A	0	0	0	0	0
E9AHS8_GLN_10_A	0	0	0	0	0
E9AHS8_LEU_11_A	0	0	1	0	0
E9AHS8_LEU_12_A	0	0	0	0	0
E9AHS8_VAL_13_A	0	0	1	0	0
E9AHS8_ARG_14_A	0	0	0	0	0
E9AHS8_GLY_15_A	0	0	0	0	0
E9AHS8_GLU_16_A	0	0	0	0	0
E9AHS8_GLN_17_A	0	0	1	0	0
E9AHS8_ILE_18_A	0	0	0	0	0
E9AHS8_ARG_19_A	0	0	0	0	0
E9AHS8_ALA_20_A	0	0	0	0	0
E9AHS8_VAL_21_A	0	0	1	0	0
E9AHS8_LEU_22_A	0	0	0	0	0
E9AHS8_THR_23_A	0	0	0	0	0
E9AHS8_GLU_24_A	0	0	0	0	0
E9AHS8_VAL_25_A	0	0	0	0	0
E9AHS8_ARG_26_A	0	0	0	0	0
E9AHS8_GLU_27_A	0	0	0	0	0
E9AHS8_ILE_28_A	0	0	0	0	0
E9AHS8_PHE_29_A	0	0	0	0	0
E9AHS8_MET_30_A	0	0	0	0	0
E9AHS8_SER_31_A	0	0	0	0	0
E9AHS8_GLN_32_A	0	0	0	0	0
E9AHS8_PRO_33_A	0	0	0	0	0
E9AHS8_MET_34_A	0	0	0	0	0
E9AHS8_LEU_35_A	0	0	0	0	0
E9AHS8_LEU_36_A	0	0	0	0	0
E9AHS8_GLU_37_A	0	0	0	0	0
E9AHS8_ILE_38_A	0	0	0	0	0
E9AHS8_ARG_39_A	0	0	0	0	0
E9AHS8_PRO_40_A	0	0	0	0	0
E9AHS8_PRO_41_A	0	0	0	0	0
E9AHS8_VAL_42_A	0	0	0	0	0
E9AHS8_ARG_43_A	0	0	0	0	0
E9AHS8_VAL_44_A	0	0	0	0	0
E9AHS8_CYS_45_A	0	0	0	0	0
E9AHS8_GLY_46_A	0	0	0	0	0
E9AHS8_ASP_47_A	1	0	1	1	0
E9AHS8_THR_48_A	0	0	0	0	0
E9AHS8_HIS_49_A	1	0	1	1	1
E9AHS8_GLY_50_A	0	0	1	0	0
E9AHS8_GLN_51_A	0	0	1	0	0
E9AHS8_TYR_52_A	0	0	1	0	0
E9AHS8_TYR_53_A	0	0	1	0	0
E9AHS8_ASP_54_A	0	0	1	0	0
E9AHS8_LEU_55_A	0	0	0	0	0
E9AHS8_LEU_56_A	0	0	0	0	0
E9AHS8_ARG_57_A	0	0	0	0	0
E9AHS8_ILE_58_A	0	0	0	0	0
E9AHS8_TYR_59_A	0	0	0	0	0
E9AHS8_GLU_60_A	0	0	0	0	0
E9AHS8_LYS_61_A	0	0	0	0	0
E9AHS8_CYS_62_A	0	0	0	0	0
E9AHS8_GLY_63_A	0	0	0	0	0
E9AHS8_PHE_64_A	0	0	0	0	0
E9AHS8_PRO_65_A	0	0	0	0	0
E9AHS8_PRO_66_A	0	0	0	0	0
E9AHS8_TYR_67_A	0	0	0	0	0
E9AHS8_SER_68_A	0	0	0	0	0
E9AHS8_ASN_69_A	0	0	0	0	0
E9AHS8_TYR_70_A	0	0	0	0	0
E9AHS8_LEU_71_A	0	0	0	0	0
E9AHS8_PHE_72_A	0	0	0	0	0
E9AHS8_LEU_73_A	0	0	0	0	0
E9AHS8_GLY_74_A	0	0	0	0	0
E9AHS8_ASP_75_A	1	0	1	1	0
E9AHS8_TYR_76_A	0	0	0	0	0
E9AHS8_VAL_77_A	0	0	0	0	0
E9AHS8_ASP_78_A	0	1	0	1	0
E9AHS8_ARG_79_A	1	1	1	1	1
E9AHS8_GLY_80_A	0	0	1	0	0
E9AHS8_LYS_81_A	0	0	1	0	0
E9AHS8_HIS_82_A	0	0	1	0	0
E9AHS8_SER_83_A	0	0	0	0	0
E9AHS8_VAL_84_A	0	0	0	0	0
E9AHS8_GLU_85_A	0	0	1	0	0
E9AHS8_THR_86_A	0	0	0	0	0
E9AHS8_ILE_87_A	0	0	0	0	0
E9AHS8_VAL_88_A	0	0	1	0	0
E9AHS8_LEU_89_A	0	0	1	0	0
E9AHS8_GLN_90_A	0	0	0	0	0
E9AHS8_PHE_91_A	0	0	0	0	0
E9AHS8_CYS_92_A	0	0	1	0	0
E9AHS8_TYR_93_A	0	0	0	0	0
E9AHS8_LYS_94_A	0	0	0	0	0
E9AHS8_ILE_95_A	0	0	0	0	0
E9AHS8_VAL_96_A	0	0	0	0	0
E9AHS8_TYR_97_A	0	0	0	0	0
E9AHS8_PRO_98_A	0	0	0	0	0
E9AHS8_GLU_99_A	0	0	0	0	0
E9AHS8_ASN_100_A	0	0	0	0	0
E9AHS8_PHE_101_A	0	0	0	0	0
E9AHS8_PHE_102_A	0	0	0	0	0
E9AHS8_LEU_103_A	0	0	0	0	0
E9AHS8_LEU_104_A	0	0	0	0	0
E9AHS8_ARG_105_A	0	0	0	0	0
E9AHS8_GLY_106_A	0	0	0	0	0
E9AHS8_ASN_107_A	1	1	1	1	1
E9AHS8_HIS_108_A	1	1	1	1	1
E9AHS8_GLU_109_A	0	0	0	0	0
E9AHS8_CYS_110_A	0	0	1	0	0
E9AHS8_ALA_111_A	0	0	1	0	0
E9AHS8_SER_112_A	0	0	1	0	1
E9AHS8_ILE_113_A	0	1	1	1	1
E9AHS8_ASN_114_A	0	0	0	0	0
E9AHS8_LYS_115_A	0	0	1	0	0
E9AHS8_MET_116_A	0	1	0	0	1
E9AHS8_TYR_117_A	1	1	1	1	1
E9AHS8_GLY_118_A	0	0	0	0	0
E9AHS8_PHE_119_A	0	0	0	0	0
E9AHS8_PHE_120_A	0	0	1	0	0
E9AHS8_ASP_121_A	0	0	0	0	0
E9AHS8_ASP_122_A	0	0	0	0	0
E9AHS8_VAL_123_A	0	0	0	0	0
E9AHS8_LYS_124_A	0	0	0	0	0
E9AHS8_ARG_125_A	0	0	0	0	0
E9AHS8_ARG_126_A	0	0	0	0	0
E9AHS8_TYR_127_A	0	0	0	0	0
E9AHS8_ASN_128_A	0	0	0	0	0
E9AHS8_ILE_129_A	0	0	1	0	0
E9AHS8_LYS_130_A	0	0	0	0	0
E9AHS8_LEU_131_A	0	0	0	0	0
E9AHS8_PHE_132_A	0	0	1	0	0
E9AHS8_LYS_133_A	0	0	1	0	0
E9AHS8_ALA_134_A	0	0	0	0	0
E9AHS8_PHE_135_A	0	0	0	0	0
E9AHS8_THR_136_A	0	0	1	0	0
E9AHS8_ASP_137_A	0	0	1	0	0
E9AHS8_VAL_138_A	0	0	0	0	0
E9AHS8_PHE_139_A	0	0	0	0	0
E9AHS8_ASN_140_A	0	0	0	0	0
E9AHS8_THR_141_A	0	0	0	0	0
E9AHS8_MET_142_A	0	0	0	0	0
E9AHS8_PRO_143_A	0	0	0	0	0
E9AHS8_VAL_144_A	0	0	0	0	0
E9AHS8_CYS_145_A	0	0	0	0	0
E9AHS8_CYS_146_A	0	0	0	0	0
E9AHS8_VAL_147_A	0	0	0	0	0
E9AHS8_ILE_148_A	0	0	0	0	0
E9AHS8_SER_149_A	0	0	0	0	0
E9AHS8_GLU_150_A	0	0	0	0	0
E9AHS8_LYS_151_A	0	0	0	0	0
E9AHS8_ILE_152_A	0	0	0	0	0
E9AHS8_ILE_153_A	0	0	0	0	0
E9AHS8_CYS_154_A	0	0	0	0	0
E9AHS8_MET_155_A	0	0	0	0	0
E9AHS8_HIS_156_A	1	1	0	1	0
E9AHS8_GLY_157_A	0	0	0	0	0
E9AHS8_GLY_158_A	0	0	0	0	0
E9AHS8_LEU_159_A	0	0	0	0	0
E9AHS8_SER_160_A	0	0	0	0	0
E9AHS8_PRO_161_A	0	0	0	0	0
E9AHS8_ASP_162_A	0	0	0	0	0
E9AHS8_LEU_163_A	0	0	0	0	0
E9AHS8_THR_164_A	0	0	0	0	0
E9AHS8_ASP_165_A	0	0	0	0	0
E9AHS8_LEU_166_A	0	0	0	0	0
E9AHS8_THR_167_A	0	0	0	0	0
E9AHS8_ALA_168_A	0	0	0	0	0
E9AHS8_ILE_169_A	0	0	0	0	0
E9AHS8_ASN_170_A	0	0	0	0	0
E9AHS8_GLU_171_A	0	0	0	0	0
E9AHS8_ILE_172_A	0	0	0	0	0
E9AHS8_LEU_173_A	0	0	0	0	0
E9AHS8_ARG_174_A	0	0	0	0	0
E9AHS8_PRO_175_A	0	0	0	0	0
E9AHS8_CYS_176_A	0	0	0	0	0
E9AHS8_ASP_177_A	0	0	0	0	0
E9AHS8_VAL_178_A	1	0	1	0	1
E9AHS8_PRO_179_A	0	0	1	0	1
E9AHS8_ASP_180_A	0	0	1	0	1
E9AHS8_ARG_181_A	0	0	0	0	0
E9AHS8_GLY_182_A	0	0	0	0	0
E9AHS8_ILE_183_A	0	0	0	0	0
E9AHS8_LEU_184_A	0	0	0	0	0
E9AHS8_CYS_185_A	0	0	0	0	0
E9AHS8_ASP_186_A	0	0	0	0	0
E9AHS8_LEU_187_A	0	0	0	0	0
E9AHS8_LEU_188_A	0	1	0	1	0
E9AHS8_TRP_189_A	0	1	1	1	1
E9AHS8_ALA_190_A	0	0	0	0	0
E9AHS8_ASP_191_A	0	1	0	1	0
E9AHS8_PRO_192_A	0	0	1	0	0
E9AHS8_GLU_193_A	0	0	1	0	0
E9AHS8_ASN_194_A	0	0	1	0	0
E9AHS8_GLU_195_A	0	0	0	0	0
E9AHS8_VAL_196_A	0	0	0	0	0
E9AHS8_ARG_197_A	0	0	0	0	0
E9AHS8_GLY_198_A	0	0	0	0	0
E9AHS8_PHE_199_A	0	0	0	0	0
E9AHS8_LEU_200_A	0	0	0	0	0
E9AHS8_GLU_201_A	0	0	0	0	0
E9AHS8_SER_202_A	0	0	0	0	0
E9AHS8_ASP_203_A	1	0	0	0	0
E9AHS8_ARG_204_A	1	1	1	1	1
E9AHS8_GLY_205_A	0	0	0	0	0
E9AHS8_VAL_206_A	0	1	1	1	1
E9AHS8_SER_207_A	0	0	0	0	0
E9AHS8_TYR_208_A	0	0	0	0	0
E9AHS8_LEU_209_A	0	0	0	0	0
E9AHS8_PHE_210_A	0	0	0	0	0
E9AHS8_GLY_211_A	0	0	0	0	0
E9AHS8_GLU_212_A	0	0	0	0	0
E9AHS8_ASP_213_A	0	0	0	0	0
E9AHS8_ILE_214_A	0	0	0	0	0
E9AHS8_VAL_215_A	0	0	0	0	0
E9AHS8_ASN_216_A	0	0	0	0	0
E9AHS8_ASP_217_A	0	0	0	0	0
E9AHS8_PHE_218_A	0	0	0	0	0
E9AHS8_LEU_219_A	0	0	0	0	0
E9AHS8_ASP_220_A	0	0	0	0	0
E9AHS8_MET_221_A	0	0	0	0	0
E9AHS8_VAL_222_A	0	0	0	0	0
E9AHS8_ASP_223_A	0	0	0	0	0
E9AHS8_MET_224_A	0	0	0	0	0
E9AHS8_ASP_225_A	0	0	0	0	0
E9AHS8_LEU_226_A	0	0	0	0	0
E9AHS8_ILE_227_A	0	0	0	0	0
E9AHS8_VAL_228_A	0	0	0	0	0
E9AHS8_ARG_229_A	1	0	0	0	0
E9AHS8_ALA_230_A	0	0	0	1	0
E9AHS8_HIS_231_A	1	1	1	1	1
E9AHS8_GLN_232_A	0	1	1	1	0
E9AHS8_VAL_233_A	0	1	1	1	1
E9AHS8_VAL_234_A	0	0	1	0	0
E9AHS8_GLN_235_A	0	0	0	0	0
E9AHS8_ARG_236_A	0	0	0	0	0
E9AHS8_GLY_237_A	0	0	0	0	0
E9AHS8_TYR_238_A	0	0	0	0	0
E9AHS8_GLY_239_A	0	0	1	0	0
E9AHS8_PHE_240_A	0	0	1	0	0
E9AHS8_PHE_241_A	0	0	1	0	0
E9AHS8_ALA_242_A	0	0	0	0	0
E9AHS8_SER_243_A	0	0	0	0	0
E9AHS8_ARG_244_A	0	0	0	0	0
E9AHS8_GLN_245_A	0	0	0	0	0
E9AHS8_LEU_246_A	0	0	0	0	0
E9AHS8_VAL_247_A	0	0	0	0	0
E9AHS8_THR_248_A	0	0	1	0	0
E9AHS8_VAL_249_A	0	0	0	0	0
E9AHS8_PHE_250_A	1	1	1	1	1
E9AHS8_SER_251_A	0	0	0	0	0
E9AHS8_ALA_252_A	0	0	0	0	0
E9AHS8_PRO_253_A	0	0	1	0	0
E9AHS8_ASN_254_A	0	0	1	0	0
E9AHS8_TYR_255_A	1	1	1	1	1
E9AHS8_CYS_256_A	0	1	1	1	0
E9AHS8_GLY_257_A	0	0	1	0	0
E9AHS8_GLU_258_A	0	1	1	0	0
E9AHS8_PHE_259_A	1	1	1	1	1
E9AHS8_ASP_260_A	0	0	0	0	0
E9AHS8_ASN_261_A	0	0	0	0	0
E9AHS8_ASP_262_A	0	0	0	0	0
E9AHS8_ALA_263_A	0	0	0	0	0
E9AHS8_ALA_264_A	0	0	0	0	0
E9AHS8_VAL_265_A	0	0	0	0	0
E9AHS8_MET_266_A	0	0	0	0	0
E9AHS8_THR_267_A	0	0	0	0	0
E9AHS8_ILE_268_A	0	0	0	0	0
E9AHS8_ASP_269_A	0	0	0	0	0
E9AHS8_ASP_270_A	0	0	0	0	0
E9AHS8_LYS_271_A	0	0	0	0	0
E9AHS8_LEU_272_A	0	0	0	0	0
E9AHS8_GLN_273_A	0	0	0	0	0
E9AHS8_CYS_274_A	0	0	0	0	0
E9AHS8_SER_275_A	0	0	0	0	0
E9AHS8_PHE_276_A	0	0	0	0	0
E9AHS8_LEU_277_A	0	0	0	0	0
E9AHS8_ILE_278_A	0	0	0	0	0
E9AHS8_ILE_279_A	0	0	0	0	0
E9AHS8_PRO_280_A	0	0	0	0	0
E9AHS8_ALA_281_A	0	0	0	0	0
E9AHS8_ALA_282_A	0	0	1	0	0
E9AHS8_LYS_283_A	0	0	0	0	0
A4HXH5_MET_1_A	0	0	1	0	0
A4HXH5_GLN_2_A	0	0	0	0	0
A4HXH5_PRO_3_A	0	0	0	0	0
A4HXH5_PRO_4_A	0	0	0	0	0
A4HXH5_PRO_5_A	0	0	0	0	0
A4HXH5_LYS_6_A	0	0	0	0	0
A4HXH5_PRO_7_A	0	0	0	0	0
A4HXH5_LEU_8_A	0	0	0	0	0
A4HXH5_CYS_9_A	0	0	0	0	0
A4HXH5_ASP_10_A	0	0	0	0	0
A4HXH5_LEU_11_A	0	0	0	0	0
A4HXH5_ASN_12_A	0	0	0	0	0
A4HXH5_ASP_13_A	0	0	0	0	0
A4HXH5_THR_14_A	0	0	0	0	0
A4HXH5_TRP_15_A	0	0	0	0	0
A4HXH5_GLU_16_A	0	0	0	0	0
A4HXH5_ASP_17_A	0	0	0	0	0
A4HXH5_VAL_18_A	0	0	0	0	0
A4HXH5_LEU_19_A	0	0	0	0	0
A4HXH5_THR_20_A	0	0	0	0	0
A4HXH5_ALA_21_A	0	0	0	0	0
A4HXH5_PHE_22_A	0	0	0	0	0
A4HXH5_ASN_23_A	0	0	0	0	0
A4HXH5_ASP_24_A	0	0	0	0	0
A4HXH5_CYS_25_A	0	0	0	0	0
A4HXH5_LEU_26_A	0	0	0	0	0
A4HXH5_LYS_27_A	0	0	0	0	0
A4HXH5_GLY_28_A	0	0	0	0	0
A4HXH5_GLU_29_A	0	0	0	0	0
A4HXH5_SER_30_A	0	0	0	0	0
A4HXH5_THR_31_A	0	0	0	0	0
A4HXH5_TRP_32_A	1	0	0	0	0
A4HXH5_SER_33_A	0	0	0	0	0
A4HXH5_CYS_34_A	0	0	0	0	0
A4HXH5_HIS_35_A	0	0	0	0	0
A4HXH5_CYS_36_A	0	0	0	0	0
A4HXH5_LEU_37_A	0	0	0	0	0
A4HXH5_ASP_38_A	0	0	0	0	0
A4HXH5_GLY_39_A	0	0	0	0	0
A4HXH5_ILE_40_A	0	0	0	0	0
A4HXH5_ASP_41_A	0	0	0	0	0
A4HXH5_LYS_42_A	0	0	0	0	0
A4HXH5_GLU_43_A	0	0	0	0	0
A4HXH5_VAL_44_A	0	0	0	0	0
A4HXH5_ILE_45_A	0	0	0	0	0
A4HXH5_LEU_46_A	0	0	0	0	0
A4HXH5_SER_47_A	0	0	0	0	0
A4HXH5_ALA_48_A	0	0	0	0	0
A4HXH5_PRO_49_A	0	0	0	0	0
A4HXH5_GLU_50_A	0	0	0	0	0
A4HXH5_ILE_51_A	0	0	0	0	0
A4HXH5_MET_52_A	0	0	0	0	0
A4HXH5_ASP_53_A	0	0	0	0	0
A4HXH5_PRO_54_A	0	0	0	0	0
A4HXH5_LYS_55_A	0	0	0	0	0
A4HXH5_THR_56_A	0	0	0	0	0
A4HXH5_ASP_57_A	0	0	0	0	0
A4HXH5_SER_58_A	0	0	0	0	0
A4HXH5_GLY_59_A	0	0	0	0	0
A4HXH5_PHE_60_A	1	0	0	0	0
A4HXH5_ASN_61_A	0	0	0	0	0
A4HXH5_CYS_62_A	0	0	0	0	0
A4HXH5_GLU_63_A	0	0	0	0	0
A4HXH5_GLU_64_A	0	0	0	0	0
A4HXH5_ILE_65_A	0	0	0	0	0
A4HXH5_TYR_66_A	0	0	0	0	0
A4HXH5_SER_67_A	0	0	0	0	0
A4HXH5_LEU_68_A	0	0	0	0	0
A4HXH5_SER_69_A	0	0	1	0	0
A4HXH5_HIS_70_A	0	0	0	0	0
A4HXH5_LEU_71_A	0	0	0	0	0
A4HXH5_LEU_72_A	0	0	1	0	0
A4HXH5_LYS_73_A	0	0	0	0	0
A4HXH5_THR_74_A	0	0	0	0	0
A4HXH5_GLU_75_A	0	0	0	0	0
A4HXH5_GLU_76_A	0	0	0	0	0
A4HXH5_VAL_77_A	0	0	0	0	0
A4HXH5_PRO_78_A	0	0	0	0	0
A4HXH5_SER_79_A	0	0	0	0	0
A4HXH5_ALA_80_A	0	0	0	0	0
A4HXH5_ALA_81_A	0	0	0	0	0
A4HXH5_THR_82_A	0	0	0	0	0
A4HXH5_VAL_83_A	0	0	0	0	0
A4HXH5_SER_84_A	0	0	0	0	0
A4HXH5_THR_85_A	0	0	0	0	0
A4HXH5_GLU_86_A	0	0	0	0	0
A4HXH5_ALA_87_A	0	0	0	0	0
A4HXH5_ALA_88_A	0	0	0	0	0
A4HXH5_LEU_89_A	0	0	0	0	0
A4HXH5_LEU_90_A	0	0	0	0	0
A4HXH5_ASP_91_A	0	0	0	0	0
A4HXH5_VAL_92_A	0	0	0	0	0
A4HXH5_MET_93_A	0	0	0	0	0
A4HXH5_ASP_94_A	0	0	0	0	0
A4HXH5_TYR_95_A	0	0	0	0	0
A4HXH5_ILE_96_A	0	0	0	0	0
A4HXH5_HIS_97_A	1	0	0	0	0
A4HXH5_VAL_98_A	0	0	0	0	0
A4HXH5_LYS_99_A	1	0	0	0	0
A4HXH5_GLU_100_A	0	0	0	0	0
A4HXH5_LEU_101_A	0	0	0	0	0
A4HXH5_THR_102_A	0	0	0	0	0
A4HXH5_TYR_103_A	0	0	0	0	0
A4HXH5_LEU_104_A	0	0	0	0	0
A4HXH5_GLN_105_A	0	0	0	0	0
A4HXH5_GLY_106_A	0	0	1	0	0
A4HXH5_TYR_107_A	0	0	0	0	0
A4HXH5_SER_108_A	0	0	1	0	0
A4HXH5_LEU_109_A	0	0	1	0	0
A4HXH5_THR_110_A	0	0	1	0	0
A4HXH5_GLN_111_A	0	0	1	0	0
A4HXH5_SER_112_A	0	0	0	0	0
A4HXH5_TYR_113_A	0	0	0	0	0
A4HXH5_LEU_114_A	0	0	0	0	0
A4HXH5_ASP_115_A	0	0	0	0	0
A4HXH5_PHE_116_A	1	0	0	0	0
A4HXH5_PRO_117_A	0	0	0	0	0
A4HXH5_TYR_118_A	0	0	0	0	0
A4HXH5_PHE_119_A	1	0	0	0	0
A4HXH5_LEU_120_A	0	0	1	0	0
A4HXH5_ARG_121_A	0	0	1	0	0
A4HXH5_MET_122_A	0	0	0	0	0
A4HXH5_ASP_123_A	0	0	1	0	0
A4HXH5_LEU_124_A	0	0	1	0	0
A4HXH5_LEU_125_A	0	0	0	0	0
A4HXH5_LYS_126_A	0	0	0	0	0
A4HXH5_GLU_127_A	0	0	1	0	0
A4HXH5_GLN_128_A	0	0	0	0	0
A4HXH5_ASN_129_A	0	0	0	0	0
A4HXH5_GLY_130_A	0	0	0	0	0
A4HXH5_THR_131_A	0	0	0	0	0
A4HXH5_LEU_132_A	0	0	0	0	0
A4HXH5_HIS_133_A	0	0	0	0	0
A4HXH5_ALA_134_A	0	0	0	0	0
A4HXH5_TYR_135_A	0	0	0	0	0
A4HXH5_CYS_136_A	0	0	0	0	0
A4HXH5_ARG_137_A	1	0	0	0	0
A4HXH5_GLY_138_A	0	0	0	0	0
A4HXH5_VAL_139_A	0	0	0	0	0
A4HXH5_LEU_140_A	0	0	0	0	0
A4HXH5_ARG_141_A	0	0	0	0	0
A4HXH5_SER_142_A	0	0	0	0	0
A4HXH5_LEU_143_A	0	0	0	0	0
A4HXH5_ASP_144_A	0	0	0	0	0
A4HXH5_CYS_145_A	0	0	0	0	0
A4HXH5_VAL_146_A	0	0	0	0	0
A4HXH5_LEU_147_A	0	0	0	0	0
A4HXH5_ARG_148_A	1	0	0	0	0
A4HXH5_ALA_149_A	0	0	0	0	0
A4HXH5_VAL_150_A	0	0	0	0	0
A4HXH5_PHE_151_A	0	0	0	0	0
A4HXH5_SER_152_A	0	0	0	0	0
A4HXH5_THR_153_A	0	0	0	0	0
A4HXH5_THR_154_A	0	0	0	0	0
A4HXH5_ASN_155_A	0	0	0	0	0
A4HXH5_ARG_156_A	0	0	0	0	0
A4HXH5_SER_157_A	0	0	0	0	0
A4HXH5_GLU_158_A	0	0	1	0	0
A4HXH5_GLU_159_A	0	0	1	0	0
A4HXH5_GLU_160_A	0	0	0	0	0
A4HXH5_PHE_161_A	1	0	0	0	0
A4HXH5_MET_162_A	0	0	1	0	0
A4HXH5_LEU_163_A	0	0	1	0	0
A4HXH5_VAL_164_A	0	0	1	0	0
A4HXH5_PRO_165_A	0	0	1	0	0
A4HXH5_PRO_166_A	0	0	1	0	0
A4HXH5_GLU_167_A	0	0	0	0	0
A4HXH5_LEU_168_A	0	0	0	0	0
A4HXH5_ASP_169_A	0	0	1	0	0
A4HXH5_ARG_170_A	0	0	0	0	0
A4HXH5_GLN_171_A	0	0	0	0	0
A4HXH5_PRO_172_A	0	0	0	0	0
A4HXH5_ASP_173_A	0	0	0	0	0
A4HXH5_CYS_174_A	0	0	0	0	0
A4HXH5_SER_175_A	0	0	0	0	0
A4HXH5_VAL_176_A	0	0	0	0	0
A4HXH5_ASP_177_A	0	0	0	0	0
A4HXH5_GLU_178_A	0	0	0	0	0
A4HXH5_ILE_179_A	0	0	0	0	0
A4HXH5_LEU_180_A	0	0	0	0	0
A4HXH5_ALA_181_A	0	0	0	0	0
A4HXH5_GLU_182_A	0	0	0	0	0
A4HXH5_LEU_183_A	0	0	0	0	0
A4HXH5_GLU_184_A	0	0	0	0	0
A4HXH5_THR_185_A	0	0	0	0	0
A4HXH5_ALA_186_A	0	0	0	0	0
A4HXH5_ALA_187_A	0	0	0	0	0
A4HXH5_ALA_188_A	0	0	0	0	0
A4HXH5_LYS_189_A	0	0	0	0	0
A4HXH5_SER_190_A	0	0	0	0	0
A4HXH5_SER_191_A	0	0	0	0	0
A4HXH5_SER_192_A	0	0	0	0	0
A4HXH5_PRO_193_A	0	0	0	0	0
A4HXH5_ALA_194_A	0	0	0	0	0
A4HXH5_VAL_195_A	0	0	0	0	0
A4HXH5_ALA_196_A	0	0	0	0	0
A4HXH5_ALA_197_A	0	0	0	0	0
A4HXH5_ARG_198_A	1	0	0	0	0
A4HXH5_LEU_199_A	0	0	0	0	0
A4HXH5_ARG_200_A	0	0	0	0	0
A4HXH5_PHE_201_A	0	0	0	0	0
A4HXH5_ARG_202_A	1	0	0	0	0
A4HXH5_LYS_203_A	1	0	0	0	0
A4HXH5_HIS_204_A	0	0	0	0	0
A4HXH5_PHE_205_A	0	0	0	0	0
A4HXH5_LEU_206_A	0	0	0	0	0
A4HXH5_ALA_207_A	0	0	0	0	0
A4HXH5_ALA_208_A	0	0	0	0	0
A4HXH5_LEU_209_A	0	0	0	0	0
A4HXH5_SER_210_A	0	0	0	0	0
A4HXH5_LEU_211_A	0	0	0	0	0
A4HXH5_LEU_212_A	0	0	0	0	0
A4HXH5_LEU_213_A	0	0	0	0	0
A4HXH5_ASP_214_A	0	0	0	0	0
A4HXH5_SER_215_A	0	0	0	0	0
A4HXH5_LYS_216_A	0	0	0	0	0
A4HXH5_LYS_217_A	0	0	0	0	0
A4HXH5_ARG_218_A	0	0	0	0	0
A4HXH5_SER_219_A	0	0	0	0	0
A4HXH5_ASP_220_A	0	0	0	0	0
A4HXH5_ILE_221_A	0	0	0	0	0
A4HXH5_GLU_222_A	0	0	0	0	0
A4HXH5_ALA_223_A	0	0	0	0	0
A4HXH5_ALA_224_A	0	0	0	0	0
A4HXH5_CYS_225_A	0	0	0	0	0
A4HXH5_ASP_226_A	0	0	0	0	0
A4HXH5_ILE_227_A	0	0	0	0	0
A4HXH5_CYS_228_A	0	0	0	0	0
A4HXH5_GLN_229_A	0	0	0	0	0
A4HXH5_GLU_230_A	0	0	0	0	0
A4HXH5_ALA_231_A	0	0	0	0	0
A4HXH5_LEU_232_A	0	0	0	0	0
A4HXH5_ALA_233_A	0	0	0	0	0
A4HXH5_LEU_234_A	0	0	0	0	0
A4HXH5_LEU_235_A	0	0	0	0	0
A4HXH5_GLU_236_A	0	0	0	0	0
A4HXH5_SER_237_A	0	0	0	0	0
A4HXH5_GLY_238_A	0	0	0	0	0
A4HXH5_LEU_239_A	0	0	0	0	0
A4HXH5_TYR_240_A	0	0	0	0	0
A4HXH5_ILE_241_A	0	0	0	0	0
A4HXH5_ARG_242_A	1	0	0	0	0
A4HXH5_SER_243_A	0	0	0	0	0
A4HXH5_SER_244_A	0	0	0	0	0
A4HXH5_GLU_245_A	0	0	0	0	0
A4HXH5_PRO_246_A	0	0	0	0	0
A4HXH5_ALA_247_A	0	0	0	0	0
A4HXH5_PRO_248_A	0	0	0	0	0
A4HXH5_GLU_249_A	0	0	0	0	0
A4HXH5_ALA_250_A	0	0	0	0	0
A4HXH5_LYS_251_A	0	0	0	0	0
A4HXH5_LEU_252_A	0	0	0	0	0
A4HXH5_LEU_253_A	0	0	0	0	0
A4HXH5_ARG_254_A	0	0	0	0	0
A4HXH5_ALA_255_A	0	0	0	0	0
A4HXH5_LYS_256_A	0	0	0	0	0
A4HXH5_GLU_257_A	0	0	0	0	0
A4HXH5_ILE_258_A	0	0	0	0	0
A4HXH5_ALA_259_A	0	0	0	0	0
A4HXH5_TYR_260_A	0	0	0	0	0
A4HXH5_TRP_261_A	0	0	0	0	0
A4HXH5_VAL_262_A	0	0	0	0	0
A4HXH5_SER_263_A	0	0	1	0	0
A4HXH5_VAL_264_A	0	0	1	0	0
A4HXH5_ILE_265_A	0	0	1	0	0
A4HXH5_THR_266_A	0	0	1	0	0
A4HXH5_PRO_267_A	0	0	1	0	0
A4HXH5_THR_268_A	0	0	0	0	0
A4HXH5_LYS_269_A	0	0	1	0	0
A4HXH5_ALA_270_A	0	0	0	0	0
A4HXH5_LEU_271_A	0	0	0	0	0
A4HXH5_PRO_272_A	0	0	0	0	0
A4HXH5_ALA_273_A	0	0	0	0	0
A4HXH5_THR_274_A	0	0	0	0	0
A4HXH5_SER_275_A	0	0	0	0	0
A4HXH5_PHE_276_A	0	0	0	0	0
A4HXH5_ALA_277_A	0	0	0	0	0
A4HXH5_ASP_278_A	0	0	0	0	0
A4HXH5_ALA_279_A	0	0	0	0	0
A4HXH5_MET_280_A	0	0	0	0	0
A4HXH5_SER_281_A	0	0	0	0	0
A4HXH5_ALA_282_A	0	0	0	0	0
A4HXH5_TYR_283_A	0	0	0	0	0
A4HXH5_LYS_284_A	0	0	0	0	0
A4HXH5_ARG_285_A	0	0	0	0	0
A4HXH5_LEU_286_A	0	0	0	0	0
A4HXH5_LEU_287_A	0	0	0	0	0
A4HXH5_GLN_288_A	0	0	0	0	1
A4HXH5_GLN_289_A	0	0	0	0	1
A4HXH5_LEU_290_A	0	0	0	0	0
A4HXH5_MET_291_A	0	0	0	0	0
A4HXH5_SER_292_A	0	0	1	0	1
A4HXH5_PHE_293_A	0	0	0	0	0
A4HXH5_LYS_294_A	0	0	0	0	0
A4HXH5_THR_295_A	0	0	0	0	1
A4HXH5_LEU_296_A	0	0	0	0	0
A4HXH5_VAL_297_A	0	0	0	0	0
A4HXH5_ASN_298_A	0	0	1	0	0
A4HXH5_MET_299_A	0	0	1	0	0
A4HXH5_GLU_300_A	0	0	1	0	0
A4HXH5_SER_301_A	0	0	1	1	1
A4HXH5_LEU_302_A	0	0	1	1	1
A4HXH5_ALA_303_A	0	0	1	1	1
A4HXH5_CYS_304_A	0	1	1	1	0
A4HXH5_ILE_305_A	0	1	0	0	1
A4HXH5_ALA_306_A	0	1	1	1	1
A4HXH5_ASP_307_A	0	1	1	1	1
A4HXH5_PHE_308_A	0	1	1	1	1
A4HXH5_ILE_309_A	0	0	0	0	0
A4HXH5_GLU_310_A	0	1	1	1	1
A4HXH5_ASN_311_A	0	1	1	1	1
A4HXH5_PHE_312_A	0	0	1	0	1
A4HXH5_GLY_313_A	0	0	0	0	0
A4HXH5_ALA_314_A	0	1	1	1	1
A4HXH5_LEU_315_A	0	1	1	0	1
A4HXH5_GLN_316_A	0	1	0	0	0
A4HXH5_PRO_317_A	0	0	0	0	0
A4HXH5_LEU_318_A	0	0	0	0	0
A4HXH5_LEU_319_A	0	0	0	0	0
A4HXH5_PRO_320_A	0	0	0	0	0
A4HXH5_ALA_321_A	0	0	0	0	0
A4HXH5_ARG_322_A	0	0	0	0	0
A4HXH5_SER_323_A	0	0	0	0	0
A4HXH5_LEU_324_A	0	0	0	0	0
A4HXH5_CYS_325_A	0	0	0	0	0
A4HXH5_ALA_326_A	0	0	0	0	0
A4HXH5_VAL_327_A	0	0	0	0	0
A4HXH5_VAL_328_A	0	0	0	0	0
A4HXH5_LEU_329_A	0	0	0	0	1
A4HXH5_PHE_330_A	0	0	0	0	0
A4HXH5_SER_331_A	0	0	0	0	0
A4HXH5_ARG_332_A	1	0	0	0	0
A4HXH5_ASP_333_A	0	0	0	0	0
A4HXH5_PRO_334_A	0	0	0	0	0
A4HXH5_ASN_335_A	0	0	0	0	0
A4HXH5_GLU_336_A	0	0	0	0	0
A4HXH5_SER_337_A	0	0	0	0	1
A4HXH5_PHE_338_A	0	0	0	0	1
A4HXH5_LEU_339_A	0	0	0	0	1
A4HXH5_TYR_340_A	0	0	0	0	0
A4HXH5_GLY_341_A	0	0	0	0	0
A4HXH5_ALA_342_A	0	0	0	0	0
A4HXH5_PRO_343_A	0	0	0	0	0
A4HXH5_LEU_344_A	0	0	0	0	0
A4HXH5_HIS_345_A	0	0	0	0	0
A4HXH5_ARG_346_A	0	0	0	0	0
A4HXH5_ARG_347_A	0	1	1	1	0
A4HXH5_THR_348_A	0	1	0	1	1
A4HXH5_LEU_349_A	0	0	0	0	0
A4HXH5_GLU_350_A	0	0	1	0	0
A4HXH5_THR_351_A	0	1	1	1	1
A4HXH5_LEU_352_A	0	0	0	1	0
A4HXH5_THR_353_A	0	0	0	0	0
A4HXH5_ARG_354_A	0	0	1	0	0
A4HXH5_ARG_355_A	1	1	1	1	1
A4HXH5_TYR_356_A	0	1	1	1	1
A4HXH5_GLY_357_A	0	0	0	0	0
A4HXH5_ALA_358_A	0	0	0	0	0
A4HXH5_PRO_359_A	0	0	0	0	0
A4HXH5_LEU_360_A	0	0	0	0	0
A4HXH5_TYR_361_A	0	0	0	0	0
A4HXH5_GLN_362_A	0	0	0	0	0
A4HXH5_LYS_363_A	0	0	0	0	0
A4HXH5_ILE_364_A	0	0	0	0	0
A4HXH5_PHE_365_A	0	0	0	0	0
A4HXH5_GLU_366_A	0	0	0	0	0
A4HXH5_ALA_367_A	0	0	0	0	0
A4HXH5_ASP_368_A	0	0	0	0	0
A4HXH5_GLU_369_A	0	0	0	0	0
A4HXH5_ALA_370_A	0	0	0	0	0
A4HXH5_MET_371_A	0	0	0	0	0
A4HXH5_VAL_372_A	0	0	0	0	0
A4HXH5_ASP_373_A	0	0	0	0	0
A4HXH5_GLY_374_A	0	0	0	0	0
A4HXH5_VAL_375_A	0	0	0	0	0
A4HXH5_VAL_376_A	0	0	0	0	0
A4HXH5_GLU_377_A	0	0	0	0	0
A4HXH5_TYR_378_A	0	0	0	0	0
A4HXH5_ARG_379_A	0	0	0	0	0
A4HXH5_VAL_380_A	0	0	0	0	0
A4HXH5_LYS_381_A	0	0	0	0	0
A4HXH5_CYS_382_A	0	0	0	0	0
A4HXH5_THR_383_A	0	0	0	0	0
A4HXH5_MET_384_A	0	0	0	0	0
A4HXH5_ASN_385_A	0	0	0	0	0
A4HXH5_ARG_386_A	1	0	0	0	0
A4HXH5_LEU_387_A	0	0	0	0	0
A4HXH5_LYS_388_A	0	0	0	0	0
A4HXH5_VAL_389_A	0	0	0	0	0
A4HXH5_THR_390_A	0	0	0	0	0
A4HXH5_PRO_391_A	0	0	0	0	0
A4HXH5_GLU_392_A	0	0	0	0	0
A4HXH5_GLN_393_A	0	0	0	0	0
A4HXH5_ARG_394_A	1	0	0	0	0
A4HXH5_MET_395_A	0	0	0	0	0
A4HXH5_LEU_396_A	0	0	0	0	0
A4HXH5_LEU_397_A	0	0	0	0	0
A4HXH5_ARG_398_A	0	0	0	0	0
A4HXH5_GLN_399_A	0	0	0	0	0
A4HXH5_GLN_400_A	0	0	0	0	0
A4HXH5_THR_401_A	0	0	0	0	0
A4HXH5_ILE_402_A	0	0	0	0	0
A4HXH5_ASP_403_A	0	0	0	0	0
A4HXH5_SER_404_A	0	0	0	0	0
A4HXH5_VAL_405_A	0	0	0	0	0
A4HXH5_ARG_406_A	0	0	0	0	0
A4HXH5_ARG_407_A	0	0	0	0	0
A4HXH5_TRP_408_A	0	0	0	0	0
A4HXH5_VAL_409_A	0	0	0	0	0
A4HXH5_MET_410_A	0	0	0	0	0
A4HXH5_GLU_411_A	0	0	0	0	0
A4HXH5_VAL_412_A	0	1	0	1	1
A4HXH5_SER_413_A	0	0	0	0	0
A4HXH5_LYS_414_A	0	0	0	0	0
A4HXH5_LEU_415_A	0	1	0	0	0
A4HXH5_TYR_416_A	0	1	1	1	1
A4HXH5_LEU_417_A	0	1	0	0	1
A4HXH5_VAL_418_A	0	1	0	0	0
A4HXH5_PHE_419_A	0	1	1	1	1
A4HXH5_LEU_420_A	0	1	0	0	1
A4HXH5_GLU_421_A	0	0	0	0	0
A4HXH5_THR_422_A	0	0	0	0	0
A4HXH5_MET_423_A	0	1	0	1	0
A4HXH5_LEU_424_A	0	0	0	0	0
A4HXH5_CYS_425_A	0	0	0	0	0
A4HXH5_ASN_426_A	0	0	0	0	0
A4HXH5_ARG_427_A	0	1	1	1	1
A4HXH5_GLY_428_A	0	0	0	0	0
A4HXH5_LEU_429_A	0	0	0	0	0
A4HXH5_ALA_430_A	0	0	0	0	0
A4HXH5_HIS_431_A	0	0	0	0	0
A4HXH5_ARG_432_A	0	0	0	0	0
A4HXH5_ARG_433_A	0	0	0	0	0
A4HXH5_MET_434_A	0	1	0	0	0
A4HXH5_MET_435_A	0	0	0	0	0
A4HXH5_ASN_436_A	0	0	0	0	0
A4HXH5_THR_437_A	0	0	0	0	0
A4HXH5_MET_438_A	0	0	0	0	0
A4HXH5_ALA_439_A	0	0	0	0	0
A4HXH5_ASP_440_A	0	0	0	0	0
A4HXH5_PHE_441_A	0	1	1	1	1
A4HXH5_ILE_442_A	0	0	0	0	0
A4HXH5_ARG_443_A	0	0	0	0	0
A4HXH5_LEU_444_A	0	0	0	0	0
A4HXH5_GLN_445_A	0	0	0	0	1
A4HXH5_GLU_446_A	0	0	0	0	0
A4HXH5_LEU_447_A	0	0	0	0	0
A4HXH5_SER_448_A	0	0	0	0	0
A4HXH5_TYR_449_A	0	0	0	0	1
A4HXH5_THR_450_A	0	0	0	0	0
A4HXH5_THR_451_A	0	0	0	0	0
A4HXH5_ASP_452_A	0	0	0	0	0
A4HXH5_LEU_453_A	0	0	0	0	0
A4HXH5_SER_454_A	0	0	0	0	0
A4HXH5_VAL_455_A	0	0	0	0	0
A4HXH5_PHE_456_A	0	0	0	0	0
A4HXH5_LEU_457_A	0	0	0	0	0
A4HXH5_ALA_458_A	0	0	0	0	0
A4HXH5_ASN_459_A	0	0	0	0	0
A4HXH5_MET_460_A	0	0	0	0	0
A4HXH5_PRO_461_A	0	0	0	0	0
A4HXH5_GLY_462_A	0	0	0	0	0
A4HXH5_VAL_463_A	0	0	0	0	0
A4HXH5_SER_464_A	0	0	0	0	0
A4HXH5_LYS_465_A	0	0	0	0	0
A4HXH5_GLU_466_A	0	0	0	0	0
A4HXH5_LEU_467_A	0	0	0	0	0
A4HXH5_GLU_468_A	0	0	0	0	0
A4HXH5_ALA_469_A	0	0	0	0	0
A4HXH5_GLU_470_A	0	0	0	0	0
A4HXH5_CYS_471_A	0	0	0	0	0
A4HXH5_ILE_472_A	0	0	0	0	0
A4HXH5_ARG_473_A	0	0	0	0	0
A4HXH5_CYS_474_A	0	0	0	0	0
A4HXH5_SER_475_A	0	0	0	0	0
A4HXH5_THR_476_A	0	0	0	0	1
A4HXH5_VAL_477_A	0	0	0	0	0
A4HXH5_LEU_478_A	0	0	0	0	0
A4HXH5_THR_479_A	0	0	0	0	1
A4HXH5_LEU_480_A	0	1	0	0	1
A4HXH5_PHE_481_A	1	1	1	1	1
A4HXH5_SER_482_A	0	0	0	0	0
A4HXH5_ASN_483_A	0	0	0	0	1
A4HXH5_ASP_484_A	0	1	1	1	1
A4HXH5_TYR_485_A	0	1	1	1	1
A4HXH5_VAL_486_A	0	1	0	1	0
A4HXH5_LEU_487_A	0	1	0	1	0
A4HXH5_ARG_488_A	0	1	1	1	1
A4HXH5_ALA_489_A	0	1	0	1	0
A4HXH5_MET_490_A	0	0	0	0	0
A4HXH5_GLU_491_A	0	1	1	1	1
A4HXH5_LEU_492_A	0	1	1	1	1
A4HXH5_ILE_493_A	0	0	0	0	0
A4HXH5_MET_494_A	0	1	0	1	0
A4HXH5_SER_495_A	0	1	1	1	1
A4HXH5_PHE_496_A	0	1	1	1	1
A4HXH5_GLU_497_A	0	0	0	0	0
A4HXH5_VAL_498_A	0	1	0	1	0
A4HXH5_GLU_499_A	0	1	1	1	1
A4HXH5_LEU_500_A	0	0	0	0	0
A4HXH5_ASP_501_A	0	0	0	0	0
A4HXH5_LEU_502_A	0	0	0	0	0
A4HXH5_LEU_503_A	0	0	0	0	0
A4HXH5_THR_504_A	0	0	0	0	0
A4HXH5_GLN_505_A	0	0	0	0	0
A4HXH5_GLY_506_A	0	0	0	0	0
A4HXH5_GLU_507_A	0	0	0	0	0
A4HXH5_LEU_508_A	0	0	0	0	0
A4HXH5_VAL_509_A	0	0	0	0	0
A4HXH5_PRO_510_A	0	0	0	0	0
A4HXH5_ALA_511_A	0	1	0	1	0
A4HXH5_ILE_512_A	0	1	1	1	1
A4HXH5_TRP_513_A	0	1	1	1	0
A4HXH5_TYR_514_A	0	0	0	0	0
A4HXH5_ILE_515_A	0	1	1	1	1
A4HXH5_ASN_516_A	0	1	1	1	0
A4HXH5_PHE_517_A	0	0	1	0	0
A4HXH5_ALA_518_A	0	0	0	0	0
A4HXH5_GLN_519_A	0	1	1	1	1
A4HXH5_ARG_520_A	0	0	1	0	0
A4HXH5_ALA_521_A	0	0	0	0	0
A4HXH5_GLN_522_A	0	1	1	1	1
A4HXH5_LYS_523_A	0	0	0	0	0
A4HXH5_GLU_524_A	0	0	0	0	0
A4HXH5_ASN_525_A	0	1	0	0	1
A4HXH5_MET_526_A	0	1	0	1	1
A4HXH5_THR_527_A	0	0	0	0	0
A4HXH5_ALA_528_A	0	0	0	0	0
A4HXH5_LEU_529_A	0	1	0	1	1
A4HXH5_CYS_530_A	0	0	0	0	0
A4HXH5_LEU_531_A	0	0	0	0	0
A4HXH5_GLN_532_A	0	0	0	0	0
A4HXH5_SER_533_A	0	0	0	0	0
A4HXH5_THR_534_A	0	0	0	0	0
A4HXH5_ASN_535_A	0	0	0	0	0
A4HXH5_PHE_536_A	0	0	0	0	0
A4HXH5_ILE_537_A	0	0	0	0	0
A4HXH5_PRO_538_A	0	0	0	0	0
A4HXH5_ALA_539_A	0	0	0	0	0
A4HXH5_THR_540_A	0	0	0	0	0
A4HXH5_LEU_541_A	0	0	0	0	0
A4HXH5_ILE_542_A	0	0	0	0	0
A4HXH5_ASN_543_A	0	0	0	0	0
A4HXH5_LYS_544_A	0	0	0	0	0
A4HXH5_ARG_545_A	0	0	0	0	0
A4HXH5_THR_546_A	0	0	0	0	0
A4HXH5_HIS_547_A	0	0	0	0	0
A4HXH5_ILE_548_A	0	0	0	0	0
A4HXH5_PRO_549_A	0	0	0	0	0
A4HXH5_VAL_550_A	0	0	0	0	0
A4HXH5_HIS_551_A	0	0	0	0	0
A4HXH5_ASN_552_A	0	0	0	0	0
A4HXH5_LEU_553_A	0	0	0	0	0
A4HXH5_ALA_554_A	0	0	0	0	0
A4HXH5_LEU_555_A	0	0	0	0	0
A4HXH5_THR_556_A	0	0	0	0	0
A4HXH5_THR_557_A	0	0	0	0	0
A4HXH5_ARG_558_A	0	0	0	0	0
A4HXH5_THR_559_A	0	0	0	0	0
A4HXH5_THR_560_A	0	0	0	0	0
A4HXH5_GLY_561_A	0	0	0	0	0
A4HXH5_GLN_562_A	0	0	1	0	0
A4HXH5_MET_563_A	0	0	1	0	0
A4HXH5_ASP_564_A	0	1	1	1	1
A4HXH5_LEU_565_A	0	0	1	0	0
A4HXH5_ALA_566_A	0	1	1	1	0
A4HXH5_ARG_567_A	0	1	1	1	1
A4HXH5_ASP_568_A	0	1	0	1	0
A4HXH5_GLY_569_A	0	1	0	0	0
A4HXH5_LEU_570_A	0	1	1	1	1
A4HXH5_LEU_571_A	0	1	1	1	1
A4HXH5_ASP_572_A	0	1	0	0	0
A4HXH5_ALA_573_A	0	1	0	1	0
A4HXH5_CYS_574_A	0	1	1	1	1
A4HXH5_CYS_575_A	0	1	0	1	0
A4HXH5_SER_576_A	0	0	0	0	0
A4HXH5_LEU_577_A	0	1	1	1	1
A4HXH5_SER_578_A	0	1	1	1	1
A4HXH5_ASP_579_A	0	0	1	1	0
A4HXH5_ALA_580_A	0	0	0	0	0
A4HXH5_THR_581_A	0	1	1	1	1
A4HXH5_TYR_582_A	0	0	1	1	0
A4HXH5_LEU_583_A	0	0	0	0	0
A4HXH5_SER_584_A	0	0	0	0	0
A4HXH5_ALA_585_A	0	0	0	0	0
A4HXH5_CYS_586_A	0	0	0	0	0
A4HXH5_LEU_587_A	0	0	0	0	0
A4HXH5_MET_588_A	0	0	0	0	0
A4HXH5_GLU_589_A	0	0	0	0	0
A4HXH5_ARG_590_A	0	0	0	0	0
A4HXH5_LYS_591_A	0	0	0	0	0
A4HXH5_ASN_592_A	0	0	0	0	0
A4HXH5_LEU_593_A	0	0	0	0	0
A4HXH5_ILE_594_A	0	0	0	0	0
A4HXH5_ASP_595_A	0	0	0	0	0
A4HXH5_LEU_596_A	0	0	0	0	0
A4HXH5_ALA_597_A	0	0	0	0	0
A4HXH5_SER_598_A	0	0	0	0	0
A4HXH5_ALA_599_A	0	0	0	0	0
A4HXH5_PRO_600_A	0	0	0	0	0
A4HXH5_LYS_601_A	0	0	0	0	0
A4HXH5_GLY_602_A	0	0	0	0	0
A4HXH5_SER_603_A	0	0	0	0	0
A4HXH5_LEU_604_A	0	0	0	0	0
A4HXH5_ILE_605_A	0	0	0	0	0
A4HXH5_SER_606_A	0	0	0	0	0
A4HXH5_VAL_607_A	0	0	0	0	0
A4HXH5_GLU_608_A	0	0	0	0	0
A4HXH5_ASN_609_A	0	0	0	0	0
A4HXH5_ILE_610_A	0	0	0	0	0
A4HXH5_PHE_611_A	0	0	0	0	0
A4HXH5_ASN_612_A	0	0	0	0	0
A4HXH5_HIS_613_A	0	0	0	0	0
A4HXH5_ARG_614_A	0	0	0	0	0
A4HXH5_LEU_615_A	0	0	0	0	0
A4HXH5_LEU_616_A	0	0	0	0	0
A4HXH5_LEU_617_A	0	0	0	0	0
A4HXH5_CYS_618_A	0	0	0	0	0
A4HXH5_TYR_619_A	0	0	0	0	0
A4HXH5_GLY_620_A	0	0	0	0	0
A4HXH5_GLN_621_A	0	0	0	0	0
A4HXH5_LEU_622_A	0	0	0	0	0
A4HXH5_ARG_623_A	0	0	0	0	0
A4HXH5_ASN_624_A	0	0	0	0	1
A4HXH5_PRO_625_A	0	0	0	0	0
A4HXH5_PRO_626_A	0	0	0	0	0
A4HXH5_LEU_627_A	0	0	0	0	0
A4HXH5_ARG_628_A	0	0	0	0	0
A4HXH5_SER_629_A	0	0	0	0	0
A4HXH5_TYR_630_A	0	0	0	0	0
A4HXH5_GLU_631_A	0	0	0	0	0
A4HXH5_ARG_632_A	0	0	0	0	0
A4HXH5_CYS_633_A	0	0	0	0	0
A4HXH5_MET_634_A	0	0	0	0	0
A4HXH5_SER_635_A	0	0	0	0	0
A4HXH5_ALA_636_A	0	0	1	0	0
A4HXH5_LYS_637_A	0	0	0	0	0
A4HXH5_PRO_638_A	0	0	0	0	0
A4HXH5_SER_639_A	0	0	0	0	0
A4HXH5_LEU_640_A	0	0	0	0	0
A4HXH5_ASP_641_A	0	0	0	0	0
A4HXH5_ASP_642_A	0	0	0	0	0
A4HXH5_VAL_643_A	0	0	0	0	0
A4HXH5_SER_644_A	0	0	0	0	0
A4HXH5_LYS_645_A	0	0	0	0	0
A4HXH5_ILE_646_A	0	0	0	0	0
A4HXH5_PRO_647_A	0	0	0	0	0
A4HXH5_ILE_648_A	0	0	0	0	0
A4HXH5_TYR_649_A	0	0	0	0	0
A4HXH5_ALA_650_A	0	0	0	0	0
A4HXH5_LYS_651_A	0	0	0	0	0
A4HXH5_LYS_652_A	0	0	0	0	0
A4HXH5_ALA_653_A	0	0	0	0	0
A4HXH5_ALA_654_A	0	0	0	0	0
A4HXH5_GLU_655_A	0	0	0	0	0
A4HXH5_VAL_656_A	0	0	0	0	0
A4HXH5_ALA_657_A	0	0	0	0	0
A4HXH5_SER_658_A	0	0	0	0	0
A4HXH5_ASN_659_A	0	0	0	0	0
A4HXH5_ALA_660_A	0	0	0	0	0
A4HXH5_ALA_661_A	0	0	0	0	0
A4HXH5_GLU_662_A	0	0	0	0	0
A4HXH5_LYS_663_A	0	0	0	0	0
A4HXH5_LEU_664_A	0	1	0	1	0
A4HXH5_LYS_665_A	0	0	0	0	0
A4HXH5_ALA_666_A	0	0	0	0	0
A4HXH5_VAL_667_A	0	0	0	0	0
A4HXH5_MET_668_A	0	0	0	0	0
A4HXH5_SER_669_A	0	0	0	0	0
A4HXH5_SER_670_A	0	0	0	0	0
A4HXH5_SER_671_A	0	0	0	0	0
A4HXH5_ALA_672_A	0	0	1	0	0
A4HXH5_VAL_673_A	0	0	1	0	0
A4HXH5_ASP_674_A	0	0	1	0	0
A4HXH5_GLU_675_A	0	0	0	0	0
A4HXH5_VAL_676_A	0	0	1	0	0
A4HXH5_ARG_677_A	1	1	1	1	0
A4HXH5_LYS_678_A	0	0	0	0	0
A4HXH5_ALA_679_A	0	0	1	0	1
A4HXH5_ALA_680_A	0	1	1	1	1
A4HXH5_ILE_681_A	0	1	1	1	1
A4HXH5_ARG_682_A	0	0	0	0	0
A4HXH5_ARG_683_A	0	1	1	0	1
A4HXH5_ASN_684_A	0	1	1	1	1
A4HXH5_ALA_685_A	0	1	0	1	0
A4HXH5_GLU_686_A	0	0	0	0	0
A4HXH5_GLY_687_A	0	1	0	0	0
A4HXH5_LEU_688_A	0	1	1	1	1
A4HXH5_GLU_689_A	0	0	0	0	0
A4HXH5_LYS_690_A	0	0	0	0	0
A4HXH5_THR_691_A	0	1	1	1	0
A4HXH5_ALA_692_A	0	0	0	0	0
A4HXH5_HIS_693_A	0	0	0	0	0
A4HXH5_ILE_694_A	0	0	0	0	0
A4HXH5_VAL_695_A	0	0	0	1	0
A4HXH5_ALA_696_A	0	0	0	0	0
A4HXH5_ALA_697_A	0	0	0	0	0
A4HXH5_SER_698_A	0	0	0	0	0
A4HXH5_LEU_699_A	0	0	0	0	0
A4HXH5_ARG_700_A	0	0	0	0	0
A4HXH5_ALA_701_A	0	0	0	0	0
A4HXH5_PHE_702_A	0	0	0	0	0
A4HXH5_SER_703_A	0	0	0	0	0
A4HXH5_ALA_704_A	0	0	0	0	0
A4HXH5_VAL_705_A	0	0	0	0	0
A4HXH5_CYS_706_A	0	0	0	0	0
A4HXH5_GLU_707_A	0	0	0	0	0
A4HXH5_ASN_708_A	0	0	0	0	0
A4HXH5_SER_709_A	0	0	0	0	0
A4HXH5_GLU_710_A	0	0	0	0	0
A4HXH5_GLU_711_A	0	0	0	0	0
A4HXH5_LEU_712_A	0	0	0	0	0
A4HXH5_LYS_713_A	0	0	0	0	0
A4HXH5_ASP_714_A	0	0	0	0	0
A4HXH5_TYR_715_A	0	0	0	0	0
A4HXH5_CYS_716_A	0	0	0	0	0
A4HXH5_ALA_717_A	0	0	0	0	0
A4HXH5_ALA_718_A	0	0	0	0	0
A4HXH5_VAL_719_A	0	0	0	0	0
A4HXH5_GLU_720_A	0	0	0	0	0
A4HXH5_ARG_721_A	0	0	0	0	0
A4HXH5_PRO_722_A	0	0	0	0	0
A4HXH5_GLY_723_A	0	1	0	0	0
A4HXH5_LEU_724_A	0	1	1	1	1
A4HXH5_PRO_725_A	0	1	1	1	1
A4HXH5_SER_726_A	0	1	1	1	1
A4HXH5_ALA_727_A	0	1	1	1	1
A4HXH5_LEU_728_A	0	1	1	1	1
A4HXH5_THR_729_A	0	1	0	1	0
A4HXH5_PHE_730_A	0	0	0	0	0
A4HXH5_THR_731_A	0	0	0	0	0
A4HXH5_PHE_732_A	0	0	0	0	0
A4HXH5_ARG_733_A	0	0	0	0	0
A4HXH5_LYS_734_A	0	0	0	0	0
A4HXH5_ARG_735_A	0	0	0	0	0
A4HXH5_LYS_736_A	0	0	0	0	0
A4HXH5_GLU_737_A	0	0	0	0	0
A4HXH5_THR_738_A	0	0	0	0	0
A4HXH5_ALA_739_A	0	0	0	0	0
A4HXH5_THR_740_A	0	0	0	0	0
A4HXH5_ALA_741_A	0	0	0	0	0
