chain, residue_label, residue_name, score, zscore, probability, pocket
A,    1, MET,  0.0792,  -0.3353,   0.0017, 0
A,    2, THR,  0.0890,  -0.3298,   0.0020, 0
A,    3, GLY,  0.1265,  -0.3089,   0.0033, 0
A,    4, ARG,  0.1376,  -0.3028,   0.0038, 0
A,    5, GLU,  0.0874,  -0.3308,   0.0019, 0
A,    6, ILE,  0.0481,  -0.3526,   0.0010, 0
A,    7, LEU,  0.1416,  -0.3005,   0.0040, 0
A,    8, GLU,  0.0123,  -0.3726,   0.0004, 0
A,    9, LYS,  0.0611,  -0.3454,   0.0013, 0
A,   10, LEU,  0.0499,  -0.3517,   0.0010, 0
A,   11, GLU,  0.2426,  -0.2442,   0.0096, 0
A,   12, ARG,  0.0138,  -0.3718,   0.0004, 0
A,   13, ARG,  0.3239,  -0.1989,   0.0160, 0
A,   14, GLU,  0.0109,  -0.3734,   0.0004, 0
A,   15, PHE,  0.0930,  -0.3276,   0.0021, 0
A,   16, THR,  0.0901,  -0.3293,   0.0020, 0
A,   17, ARG,  0.0728,  -0.3389,   0.0015, 0
A,   18, GLU,  0.0589,  -0.3466,   0.0012, 0
A,   19, VAL,  0.0544,  -0.3491,   0.0011, 0
A,   20, LEU,  0.0578,  -0.3472,   0.0012, 0
A,   21, LYS,  0.0132,  -0.3721,   0.0004, 0
A,   22, GLU,  0.0507,  -0.3512,   0.0010, 0
A,   23, ALA,  0.0106,  -0.3736,   0.0004, 0
A,   24, LEU,  0.0362,  -0.3593,   0.0007, 0
A,   25, SER,  0.0367,  -0.3590,   0.0008, 0
A,   26, ILE,  0.0683,  -0.3414,   0.0014, 0
A,   27, ASN,  0.2201,  -0.2568,   0.0081, 0
A,   28, ASP,  0.1598,  -0.2904,   0.0048, 0
A,   29, ARG,  0.4103,  -0.1507,   0.0247, 0
A,   30, GLY,  0.1334,  -0.3051,   0.0036, 0
A,   31, PHE,  0.1292,  -0.3074,   0.0034, 0
A,   32, ASN,  0.5188,  -0.0903,   0.0386, 0
A,   33, GLU,  0.5775,  -0.0576,   0.0476, 0
A,   34, ALA,  0.1053,  -0.3207,   0.0025, 0
A,   35, LEU,  0.0124,  -0.3725,   0.0004, 0
A,   36, PHE,  1.4142,   0.4088,   0.2580, 0
A,   37, LYS,  0.1583,  -0.2912,   0.0047, 0
A,   38, LEU,  0.1483,  -0.2968,   0.0043, 0
A,   39, ALA,  0.0036,  -0.3774,   0.0003, 0
A,   40, ASP,  0.0949,  -0.3266,   0.0022, 0
A,   41, GLU,  0.0841,  -0.3326,   0.0019, 0
A,   42, ILE,  0.2892,  -0.2183,   0.0131, 0
A,   43, ARG,  0.0406,  -0.3568,   0.0008, 0
A,   44, ARG,  0.0386,  -0.3579,   0.0008, 0
A,   45, LYS,  0.3275,  -0.1969,   0.0164, 0
A,   46, TYR,  1.2967,   0.3433,   0.2240, 3
A,   47, VAL,  1.3819,   0.3908,   0.2485, 3
A,   48, GLY,  0.9380,   0.1434,   0.1248, 0
A,   49, ASP,  0.0705,  -0.3402,   0.0015, 0
A,   50, GLU,  1.2244,   0.3030,   0.2032, 3
A,   51, VAL,  0.4377,  -0.1355,   0.0280, 0
A,   52, HIS,  1.5213,   0.4685,   0.2886, 3
A,   53, ILE,  0.5573,  -0.0688,   0.0444, 0
A,   54, ARG,  0.9867,   0.1705,   0.1374, 1
A,   55, ALA,  0.0000,  -0.3795,   0.0002, 0
A,   56, ILE,  5.4971,   2.6846,   0.8553, 1
A,   57, ILE,  0.0000,  -0.3795,   0.0002, 0
A,   58, GLU,  4.5616,   2.1632,   0.7922, 1
A,   59, PHE,  1.1500,   0.2616,   0.1822, 2
A,   60, SER,  0.7320,   0.0286,   0.0764, 0
A,   61, ASN,  0.1205,  -0.3123,   0.0031, 0
A,   62, VAL,  0.6594,  -0.0119,   0.0618, 0
A,   63, CYS,  4.7070,   2.2442,   0.8034, 1
A,   64, ARG,  0.2379,  -0.2469,   0.0093, 0
A,   65, LYS,  3.5794,   1.6157,   0.6933, 1
A,   66, ASN,  0.6883,   0.0042,   0.0674, 0
A,   67, CYS,  6.2557,   3.1075,   0.8912, 1
A,   68, LEU,  0.0695,  -0.3407,   0.0015, 0
A,   69, TYR,  9.2740,   4.7899,   0.9642, 1
A,   70, CYS,  9.3394,   4.8263,   0.9651, 1
A,   71, GLY,  0.3040,  -0.2100,   0.0143, 0
A,   72, LEU,  3.6199,   1.6383,   0.6985, 0
A,   73, ARG,  1.2086,   0.2942,   0.1988, 1
A,   74, ARG,  0.2535,  -0.2382,   0.0103, 0
A,   75, ASP,  0.0742,  -0.3381,   0.0016, 0
A,   76, ASN,  0.0373,  -0.3587,   0.0008, 0
A,   77, LYS,  0.0229,  -0.3667,   0.0005, 0
A,   78, ASN,  0.0533,  -0.3498,   0.0011, 0
A,   79, LEU,  0.0414,  -0.3564,   0.0008, 0
A,   80, LYS,  0.0358,  -0.3595,   0.0007, 0
A,   81, ARG,  0.2397,  -0.2459,   0.0094, 0
A,   82, TYR,  0.0941,  -0.3270,   0.0021, 0
A,   83, ARG,  0.4424,  -0.1329,   0.0285, 2
A,   84, MET,  0.9041,   0.1245,   0.1162, 2
A,   85, THR,  0.2756,  -0.2259,   0.0120, 2
A,   86, PRO,  0.9813,   0.1675,   0.1360, 0
A,   87, GLU,  0.0345,  -0.3602,   0.0007, 0
A,   88, GLU,  0.0727,  -0.3389,   0.0015, 0
A,   89, ILE,  1.0370,   0.1986,   0.1508, 2
A,   90, VAL,  0.0169,  -0.3700,   0.0004, 0
A,   91, GLU,  0.0636,  -0.3440,   0.0013, 0
A,   92, ARG,  0.0970,  -0.3254,   0.0022, 0
A,   93, ALA,  0.0095,  -0.3742,   0.0003, 0
A,   94, ARG,  0.0398,  -0.3573,   0.0008, 0
A,   95, LEU,  0.1271,  -0.3086,   0.0033, 0
A,   96, ALA,  0.0002,  -0.3794,   0.0002, 0
A,   97, VAL,  0.0613,  -0.3453,   0.0013, 0
A,   98, GLN,  0.1030,  -0.3220,   0.0024, 0
A,   99, PHE,  0.4914,  -0.1056,   0.0347, 0
A,  100, GLY,  0.5910,  -0.0500,   0.0498, 0
A,  101, ALA,  0.5219,  -0.0885,   0.0391, 0
A,  102, LYS,  0.5561,  -0.0695,   0.0442, 0
A,  103, THR,  0.5133,  -0.0933,   0.0378, 0
A,  104, ILE,  0.0000,  -0.3795,   0.0002, 0
A,  105, VAL,  0.7780,   0.0542,   0.0863, 0
A,  106, LEU,  0.0000,  -0.3795,   0.0002, 0
A,  107, GLN, 13.1957,   6.9758,   0.9916, 1
A,  108, SER,  4.6112,   2.1908,   0.7960, 1
A,  109, GLY,  4.4945,   2.1258,   0.7869, 1
A,  110, GLU,  5.0879,   2.4565,   0.8307, 1
A,  111, ASP,  0.9618,   0.1567,   0.1309, 2
A,  112, PRO,  0.2865,  -0.2198,   0.0129, 0
A,  113, TYR,  1.2901,   0.3397,   0.2220, 2
A,  115, MET,  0.4487,  -0.1293,   0.0293, 2
A,  116, PRO,  0.1457,  -0.2982,   0.0041, 0
A,  117, ASP,  0.1113,  -0.3174,   0.0027, 0
A,  118, VAL,  1.1620,   0.2682,   0.1856, 2
A,  119, ILE,  1.1320,   0.2515,   0.1771, 2
A,  120, SER,  0.0284,  -0.3636,   0.0006, 0
A,  121, ASP,  0.0356,  -0.3596,   0.0007, 0
A,  122, ILE,  1.0976,   0.2324,   0.1675, 0
A,  123, VAL,  0.0034,  -0.3776,   0.0003, 0
A,  124, LYS,  0.0371,  -0.3588,   0.0008, 0
A,  125, GLU,  0.0221,  -0.3671,   0.0005, 0
A,  126, ILE,  0.0008,  -0.3790,   0.0002, 0
A,  127, LYS,  0.1103,  -0.3180,   0.0027, 0
A,  128, LYS,  0.0417,  -0.3562,   0.0008, 0
A,  129, MET,  0.1044,  -0.3213,   0.0025, 0
A,  130, GLY,  0.1856,  -0.2760,   0.0061, 0
A,  131, VAL,  0.1109,  -0.3176,   0.0027, 0
A,  132, ALA,  0.2575,  -0.2359,   0.0106, 0
A,  133, VAL,  0.0120,  -0.3728,   0.0004, 0
A,  134, THR,  0.6918,   0.0062,   0.0680, 1
A,  135, LEU,  0.0000,  -0.3795,   0.0002, 0
A,  136, SER,  7.4940,   3.7977,   0.9310, 1
A,  137, LEU,  2.7128,   1.1327,   0.5619, 0
A,  138, GLY,  3.2630,   1.4393,   0.6506, 1
A,  139, GLU,  2.0352,   0.7550,   0.4217, 1
A,  140, TRP,  0.6076,  -0.0408,   0.0525, 0
A,  141, PRO,  0.4061,  -0.1531,   0.0242, 0
A,  142, ARG,  0.4141,  -0.1486,   0.0251, 0
A,  143, GLU,  0.0657,  -0.3429,   0.0014, 0
A,  144, TYR,  0.0899,  -0.3293,   0.0020, 0
A,  145, TYR,  0.5268,  -0.0858,   0.0398, 0
A,  146, GLU,  0.0162,  -0.3704,   0.0004, 0
A,  147, LYS,  0.0517,  -0.3507,   0.0011, 0
A,  148, TRP,  0.0051,  -0.3766,   0.0003, 0
A,  149, LYS,  0.0685,  -0.3413,   0.0014, 0
A,  150, GLU,  0.0330,  -0.3610,   0.0007, 0
A,  151, ALA,  0.0279,  -0.3639,   0.0006, 0
A,  152, GLY,  0.0359,  -0.3595,   0.0007, 0
A,  153, ALA,  0.0484,  -0.3525,   0.0010, 0
A,  154, ASP,  0.3507,  -0.1840,   0.0185, 0
A,  155, ARG,  1.1623,   0.2684,   0.1857, 1
A,  156, TYR,  0.1443,  -0.2990,   0.0041, 0
A,  157, LEU,  7.8598,   4.0016,   0.9392, 1
A,  158, LEU,  3.8628,   1.7737,   0.7271, 0
A,  159, ARG, 18.2499,   9.7930,   0.9985, 1
A,  160, HIS,  0.1786,  -0.2799,   0.0057, 0
A,  161, GLU, 10.1620,   5.2849,   0.9740, 1
A,  162, THR,  0.1786,  -0.2799,   0.0057, 0
A,  163, ALA,  0.1924,  -0.2722,   0.0064, 0
A,  164, ASN,  0.2320,  -0.2501,   0.0089, 0
A,  165, PRO,  0.1008,  -0.3233,   0.0024, 0
A,  166, VAL,  0.0710,  -0.3399,   0.0015, 0
A,  167, LEU,  0.2444,  -0.2432,   0.0097, 0
A,  168, HIS,  0.1811,  -0.2785,   0.0058, 0
A,  169, ARG,  0.1309,  -0.3065,   0.0035, 0
A,  170, LYS,  0.0817,  -0.3339,   0.0018, 0
A,  171, LEU,  0.2069,  -0.2641,   0.0073, 0
A,  172, ARG,  6.0934,   3.0170,   0.8845, 1
A,  173, PRO,  0.0379,  -0.3583,   0.0008, 0
A,  174, ASP,  0.0344,  -0.3603,   0.0007, 0
A,  175, THR,  0.0583,  -0.3470,   0.0012, 0
A,  176, SER,  0.0286,  -0.3635,   0.0006, 0
A,  177, PHE,  0.4631,  -0.1213,   0.0310, 0
A,  178, GLU,  0.0787,  -0.3356,   0.0017, 0
A,  179, ASN,  0.5209,  -0.0891,   0.0389, 0
A,  180, ARG,  5.2862,   2.5671,   0.8429, 1
A,  181, LEU,  0.5887,  -0.0513,   0.0495, 0
A,  182, ASN,  0.5528,  -0.0713,   0.0437, 0
A,  184, LEU,  0.6743,  -0.0036,   0.0646, 0
A,  185, LEU,  0.2801,  -0.2233,   0.0123, 0
A,  186, THR,  0.4771,  -0.1135,   0.0328, 0
A,  187, LEU,  0.3814,  -0.1669,   0.0216, 0
A,  188, LYS,  0.5698,  -0.0619,   0.0464, 0
A,  189, GLU,  0.0232,  -0.3666,   0.0005, 0
A,  190, LEU,  0.0145,  -0.3714,   0.0004, 0
A,  191, GLY,  0.0759,  -0.3372,   0.0016, 0
A,  192, TYR,  0.3862,  -0.1642,   0.0221, 0
A,  193, GLU,  0.6920,   0.0062,   0.0681, 0
A,  194, THR,  0.4601,  -0.1230,   0.0306, 0
A,  195, GLY,  1.4485,   0.4279,   0.2679, 1
A,  196, ALA,  2.0997,   0.7909,   0.4364, 1
A,  197, GLY,  0.0732,  -0.3387,   0.0016, 0
A,  198, SER,  1.4254,   0.4151,   0.2612, 0
A,  199, MET,  6.7405,   3.3777,   0.9092, 1
A,  200, VAL,  0.6878,   0.0039,   0.0672, 0
A,  201, GLY,  0.4940,  -0.1041,   0.0351, 0
A,  202, LEU,  0.4992,  -0.1012,   0.0358, 0
A,  203, PRO,  0.0481,  -0.3526,   0.0010, 0
A,  204, GLY,  0.0755,  -0.3374,   0.0016, 0
A,  205, GLN,  0.3981,  -0.1576,   0.0233, 0
A,  206, THR,  0.2505,  -0.2398,   0.0101, 0
A,  207, ILE,  0.2966,  -0.2141,   0.0137, 0
A,  208, ASP,  0.0639,  -0.3438,   0.0013, 0
A,  209, ASP,  0.1250,  -0.3098,   0.0033, 0
A,  210, LEU,  0.3963,  -0.1586,   0.0232, 0
A,  211, VAL,  0.0106,  -0.3735,   0.0004, 0
A,  212, ASP,  0.2559,  -0.2368,   0.0105, 0
A,  213, ASP,  0.0929,  -0.3277,   0.0021, 0
A,  214, LEU,  0.0325,  -0.3614,   0.0007, 0
A,  215, LEU,  0.1750,  -0.2819,   0.0055, 0
A,  216, PHE,  0.4504,  -0.1284,   0.0295, 0
A,  217, LEU,  0.0027,  -0.3779,   0.0003, 0
A,  218, LYS,  0.8519,   0.0954,   0.1033, 5
A,  219, GLU,  0.4683,  -0.1184,   0.0317, 0
A,  220, HIS,  0.8929,   0.1182,   0.1134, 0
A,  221, ASP,  1.2610,   0.3234,   0.2137, 5
A,  222, PHE,  0.4785,  -0.1128,   0.0330, 0
A,  223, ASP,  0.4147,  -0.1483,   0.0252, 0
A,  224, MET,  1.6478,   0.5390,   0.3233, 1
A,  225, VAL,  1.9539,   0.7097,   0.4021, 1
A,  226, GLY,  4.9373,   2.3726,   0.8204, 1
A,  227, ILE,  3.9431,   1.8184,   0.7357, 0
A,  228, GLY,  3.1855,   1.3961,   0.6394, 1
A,  229, PRO,  2.8785,   1.2250,   0.5911, 1
A,  230, PHE,  0.8231,   0.0793,   0.0966, 1
A,  231, ILE,  1.1586,   0.2663,   0.1846, 1
A,  232, PRO,  0.0772,  -0.3364,   0.0017, 0
A,  233, HIS,  0.1310,  -0.3064,   0.0035, 0
A,  234, PRO,  0.1168,  -0.3143,   0.0029, 0
A,  235, ASP,  0.1204,  -0.3124,   0.0031, 0
A,  236, THR,  0.0178,  -0.3695,   0.0005, 0
A,  237, PRO,  0.0625,  -0.3446,   0.0013, 0
A,  238, LEU,  0.0255,  -0.3653,   0.0006, 0
A,  239, ALA,  0.0114,  -0.3731,   0.0004, 0
A,  240, ASN,  0.0041,  -0.3772,   0.0003, 0
A,  241, GLU,  0.0235,  -0.3663,   0.0005, 0
A,  242, LYS,  0.0169,  -0.3700,   0.0004, 0
A,  243, LYS,  0.4025,  -0.1551,   0.0238, 0
A,  244, GLY,  0.4022,  -0.1552,   0.0238, 0
A,  245, ASP,  0.5704,  -0.0615,   0.0465, 0
A,  246, PHE,  0.7658,   0.0474,   0.0835, 0
A,  247, THR,  1.0876,   0.2267,   0.1647, 0
A,  248, LEU,  0.6704,  -0.0058,   0.0639, 0
A,  249, THR,  0.1076,  -0.3195,   0.0026, 0
A,  250, LEU,  1.1974,   0.2880,   0.1955, 0
A,  251, LYS,  0.0291,  -0.3632,   0.0006, 0
A,  252, MET,  0.0000,  -0.3795,   0.0002, 0
A,  253, VAL,  0.0000,  -0.3795,   0.0002, 0
A,  254, ALA,  0.0000,  -0.3795,   0.0002, 0
A,  255, LEU,  0.0000,  -0.3795,   0.0002, 0
A,  256, THR,  0.0000,  -0.3795,   0.0002, 0
A,  257, ARG,  0.0018,  -0.3784,   0.0003, 0
A,  258, ILE,  0.1111,  -0.3175,   0.0027, 0
A,  259, LEU,  0.8374,   0.0873,   0.0999, 0
A,  260, LEU,  0.8035,   0.0684,   0.0920, 5
A,  261, PRO,  0.9189,   0.1327,   0.1200, 5
A,  262, ASP,  1.2232,   0.3023,   0.2029, 5
A,  263, SER,  0.4512,  -0.1280,   0.0296, 0
A,  264, ASN,  2.2297,   0.8634,   0.4658, 1
A,  265, ILE,  0.1530,  -0.2942,   0.0045, 0
A,  266, PRO,  4.9371,   2.3725,   0.8204, 1
A,  267, ALA,  1.2527,   0.3188,   0.2113, 0
A,  268, THR,  8.9002,   4.5815,   0.9586, 1
A,  269, THR,  8.5028,   4.3600,   0.9521, 1
A,  270, ALA,  6.9796,   3.5110,   0.9168, 1
A,  271, MET,  1.7668,   0.6054,   0.3552, 0
A,  272, GLY,  0.3659,  -0.1755,   0.0200, 0
A,  273, THR,  0.3378,  -0.1912,   0.0173, 0
A,  274, ILE,  0.0820,  -0.3338,   0.0018, 0
A,  275, VAL,  0.4378,  -0.1354,   0.0280, 0
A,  276, PRO,  0.3906,  -0.1618,   0.0226, 0
A,  277, GLY,  0.3840,  -0.1654,   0.0219, 0
A,  278, GLY,  0.3644,  -0.1764,   0.0198, 0
A,  279, ARG,  0.9675,   0.1598,   0.1324, 4
A,  280, GLU,  0.5297,  -0.0842,   0.0403, 4
A,  281, ILE,  1.1759,   0.2760,   0.1895, 0
A,  282, THR,  0.0314,  -0.3620,   0.0007, 0
A,  283, LEU,  0.0208,  -0.3679,   0.0005, 0
A,  284, ARG,  0.5993,  -0.0454,   0.0512, 0
A,  285, CYS,  0.8842,   0.1134,   0.1112, 0
A,  286, GLY,  0.0000,  -0.3795,   0.0002, 0
A,  287, ALA,  0.0000,  -0.3795,   0.0002, 0
A,  288, ASN,  1.3229,   0.3579,   0.2315, 3
A,  289, VAL,  1.0294,   0.1943,   0.1488, 1
A,  290, ILE,  0.8640,   0.1021,   0.1063, 4
A,  291, MET, 10.8813,   5.6858,   0.9805, 1
A,  292, PRO,  1.2741,   0.3307,   0.2175, 4
A,  293, ASN,  4.2265,   1.9764,   0.7636, 1
A,  294, TRP,  0.0524,  -0.3503,   0.0011, 0
A,  295, THR,  0.0073,  -0.3754,   0.0003, 0
A,  296, PRO,  0.0607,  -0.3456,   0.0013, 0
A,  297, SER,  0.0387,  -0.3579,   0.0008, 0
A,  298, PRO,  0.0455,  -0.3541,   0.0009, 0
A,  299, TYR,  0.0705,  -0.3402,   0.0015, 0
A,  300, ARG,  0.6521,  -0.0160,   0.0604, 1
A,  301, GLN,  0.1402,  -0.3013,   0.0039, 0
A,  302, LEU,  0.0406,  -0.3568,   0.0008, 0
A,  303, TYR,  6.7433,   3.3793,   0.9093, 1
A,  304, GLN,  0.3080,  -0.2078,   0.0146, 0
A,  305, LEU, 17.5592,   9.4080,   0.9982, 1
A,  306, TYR, 11.0262,   5.7666,   0.9814, 1
A,  307, PRO,  0.1783,  -0.2801,   0.0057, 0
A,  308, GLY,  0.1573,  -0.2918,   0.0047, 0
A,  309, LYS,  3.2431,   1.4283,   0.6478, 1
A,  310, ILE,  0.7977,   0.0652,   0.0906, 4
A,  311, CYS,  3.4803,   1.5605,   0.6802, 4
A,  312, VAL,  0.7520,   0.0397,   0.0805, 0
A,  313, PHE,  0.1792,  -0.2796,   0.0057, 0
A,  314, GLU,  0.3188,  -0.2018,   0.0156, 4
A,  315, LYS,  0.0075,  -0.3753,   0.0003, 0
A,  316, ASP,  0.0858,  -0.3317,   0.0019, 0
A,  317, THR,  0.1296,  -0.3072,   0.0034, 0
A,  318, ALA,  0.1020,  -0.3226,   0.0024, 0
A,  319, CYS,  0.5649,  -0.0646,   0.0456, 4
A,  320, ILE,  0.3837,  -0.1656,   0.0218, 0
A,  321, PRO,  0.1587,  -0.2910,   0.0047, 0
A,  323, VAL,  0.6180,  -0.0350,   0.0543, 4
A,  324, MET,  0.6637,  -0.0095,   0.0626, 0
A,  325, LYS,  0.1395,  -0.3017,   0.0039, 0
A,  326, MET,  0.8253,   0.0805,   0.0971, 4
A,  327, ILE,  0.1035,  -0.3218,   0.0025, 0
A,  328, GLU,  0.0205,  -0.3680,   0.0005, 0
A,  329, LEU,  0.1335,  -0.3050,   0.0036, 0
A,  330, LEU,  0.0732,  -0.3387,   0.0016, 0
A,  331, GLY,  0.0183,  -0.3693,   0.0005, 0
A,  332, ARG,  0.0387,  -0.3579,   0.0008, 0
A,  333, LYS,  0.0255,  -0.3652,   0.0006, 0
A,  334, PRO,  0.5842,  -0.0538,   0.0488, 0
A,  335, GLY,  0.5234,  -0.0877,   0.0393, 0
A,  336, ARG,  0.1889,  -0.2742,   0.0062, 0
A,  337, ASP,  0.8562,   0.0978,   0.1044, 0
A,  338, TRP,  0.9471,   0.1484,   0.1271, 0
A,  339, GLY,  2.0625,   0.7702,   0.4280, 0
A,  340, GLY,  1.8302,   0.6407,   0.3714, 3
A,  341, ARG,  2.0955,   0.7886,   0.4355, 3
A,  342, LYS,  1.5266,   0.4715,   0.2901, 3
A,  343, ARG,  1.0090,   0.1829,   0.1433, 5
A,  344, VAL,  0.8351,   0.0860,   0.0994, 5
A,  345, PHE,  0.0881,  -0.3304,   0.0020, 5
A,  346, GLU,  0.8636,   0.1019,   0.1062, 5
A,  347, THR,  0.0336,  -0.3607,   0.0007, 0
