residue	grasp	puresnet	deeppocket	pointsite	p2rank
Q7Z1V1_MET_1_A	0	0	0	0	0
Q7Z1V1_PHE_2_A	0	0	0	0	0
Q7Z1V1_ILE_3_A	0	0	0	0	0
Q7Z1V1_GLU_4_A	0	0	0	0	0
Q7Z1V1_ALA_5_A	0	0	0	0	0
Q7Z1V1_ILE_6_A	0	0	0	0	0
Q7Z1V1_VAL_7_A	0	0	0	0	0
Q7Z1V1_LEU_8_A	0	0	0	0	0
Q7Z1V1_ALA_9_A	0	0	0	0	0
Q7Z1V1_LEU_10_A	0	0	0	0	0
Q7Z1V1_THR_11_A	0	0	0	0	0
Q7Z1V1_ALA_12_A	0	0	0	0	0
Q7Z1V1_LEU_13_A	0	0	0	0	0
Q7Z1V1_ILE_14_A	0	0	0	0	0
Q7Z1V1_LEU_15_A	0	0	0	0	0
Q7Z1V1_TYR_16_A	0	0	1	0	0
Q7Z1V1_SER_17_A	0	0	0	0	0
Q7Z1V1_VAL_18_A	0	0	0	0	0
Q7Z1V1_TYR_19_A	0	0	1	0	0
Q7Z1V1_SER_20_A	0	0	1	0	1
Q7Z1V1_VAL_21_A	0	0	1	0	0
Q7Z1V1_LYS_22_A	0	0	0	0	0
Q7Z1V1_SER_23_A	0	0	1	0	0
Q7Z1V1_PHE_24_A	0	0	1	0	1
Q7Z1V1_ASN_25_A	0	0	0	0	0
Q7Z1V1_THR_26_A	0	0	1	0	0
Q7Z1V1_THR_27_A	0	0	1	0	0
Q7Z1V1_ARG_28_A	0	0	1	0	0
Q7Z1V1_PRO_29_A	0	0	0	0	0
Q7Z1V1_THR_30_A	0	0	0	0	0
Q7Z1V1_ASP_31_A	0	0	1	0	0
Q7Z1V1_PRO_32_A	0	0	0	0	0
Q7Z1V1_PRO_33_A	0	0	0	0	0
Q7Z1V1_VAL_34_A	0	0	0	0	0
Q7Z1V1_TYR_35_A	0	0	0	0	0
Q7Z1V1_PRO_36_A	0	0	0	0	0
Q7Z1V1_VAL_37_A	0	0	1	0	0
Q7Z1V1_THR_38_A	0	0	0	0	0
Q7Z1V1_VAL_39_A	0	0	0	0	0
Q7Z1V1_PRO_40_A	0	0	1	0	0
Q7Z1V1_PHE_41_A	0	0	1	0	1
Q7Z1V1_LEU_42_A	0	0	0	0	0
Q7Z1V1_GLY_43_A	0	0	0	0	0
Q7Z1V1_HIS_44_A	0	0	0	0	0
Q7Z1V1_ILE_45_A	0	0	1	0	1
Q7Z1V1_VAL_46_A	0	0	0	0	0
Q7Z1V1_GLN_47_A	0	0	0	0	0
Q7Z1V1_PHE_48_A	0	0	1	1	1
Q7Z1V1_GLY_49_A	0	0	1	0	1
Q7Z1V1_LYS_50_A	0	0	0	0	0
Q7Z1V1_ASN_51_A	0	0	0	0	0
Q7Z1V1_PRO_52_A	0	0	0	0	1
Q7Z1V1_LEU_53_A	0	0	0	0	0
Q7Z1V1_GLU_54_A	0	0	0	0	0
Q7Z1V1_PHE_55_A	0	0	0	0	0
Q7Z1V1_MET_56_A	0	0	0	0	0
Q7Z1V1_GLN_57_A	0	0	0	0	0
Q7Z1V1_ARG_58_A	0	0	0	0	0
Q7Z1V1_CYS_59_A	0	0	0	0	0
Q7Z1V1_LYS_60_A	0	0	0	0	0
Q7Z1V1_ARG_61_A	0	0	0	0	0
Q7Z1V1_ASP_62_A	0	0	0	0	0
Q7Z1V1_LEU_63_A	0	0	0	0	0
Q7Z1V1_LYS_64_A	0	0	0	0	0
Q7Z1V1_SER_65_A	0	0	0	0	0
Q7Z1V1_GLY_66_A	0	0	0	0	0
Q7Z1V1_VAL_67_A	0	0	0	0	0
Q7Z1V1_PHE_68_A	0	0	0	0	0
Q7Z1V1_THR_69_A	0	0	0	0	0
Q7Z1V1_ILE_70_A	1	0	0	0	0
Q7Z1V1_SER_71_A	0	0	1	0	1
Q7Z1V1_ILE_72_A	0	0	1	0	1
Q7Z1V1_GLY_73_A	0	0	1	0	0
Q7Z1V1_GLY_74_A	0	0	1	0	1
Q7Z1V1_GLN_75_A	0	0	1	0	0
Q7Z1V1_ARG_76_A	0	0	1	0	0
Q7Z1V1_VAL_77_A	0	0	0	0	0
Q7Z1V1_THR_78_A	1	0	0	0	0
Q7Z1V1_ILE_79_A	0	0	0	0	0
Q7Z1V1_VAL_80_A	0	0	0	0	0
Q7Z1V1_GLY_81_A	0	0	0	0	0
Q7Z1V1_ASP_82_A	0	0	0	0	0
Q7Z1V1_PRO_83_A	0	0	0	0	0
Q7Z1V1_HIS_84_A	0	0	0	0	0
Q7Z1V1_GLU_85_A	0	0	0	0	0
Q7Z1V1_HIS_86_A	0	0	0	0	0
Q7Z1V1_SER_87_A	0	0	0	0	0
Q7Z1V1_ARG_88_A	0	0	0	0	0
Q7Z1V1_PHE_89_A	0	0	0	1	0
Q7Z1V1_PHE_90_A	0	0	0	1	1
Q7Z1V1_SER_91_A	0	0	0	0	0
Q7Z1V1_PRO_92_A	0	0	0	0	0
Q7Z1V1_ARG_93_A	0	0	0	0	0
Q7Z1V1_ASN_94_A	0	0	0	0	0
Q7Z1V1_GLU_95_A	0	0	0	0	0
Q7Z1V1_ILE_96_A	0	0	0	0	0
Q7Z1V1_LEU_97_A	0	0	0	0	0
Q7Z1V1_SER_98_A	0	0	0	0	0
Q7Z1V1_PRO_99_A	0	0	0	1	0
Q7Z1V1_ARG_100_A	0	0	0	0	0
Q7Z1V1_GLU_101_A	0	0	0	0	0
Q7Z1V1_VAL_102_A	0	1	1	1	1
Q7Z1V1_TYR_103_A	1	1	1	1	1
Q7Z1V1_THR_104_A	0	0	0	0	0
Q7Z1V1_ILE_105_A	0	1	1	1	1
Q7Z1V1_MET_106_A	1	1	1	1	1
Q7Z1V1_THR_107_A	0	0	0	0	0
Q7Z1V1_PRO_108_A	0	0	0	0	0
Q7Z1V1_VAL_109_A	0	0	0	0	0
Q7Z1V1_PHE_110_A	1	1	1	1	1
Q7Z1V1_GLY_111_A	0	0	0	0	0
Q7Z1V1_GLU_112_A	0	0	0	0	0
Q7Z1V1_GLY_113_A	0	0	0	0	0
Q7Z1V1_VAL_114_A	1	1	0	1	0
Q7Z1V1_ALA_115_A	0	1	1	1	0
Q7Z1V1_TYR_116_A	1	1	1	1	1
Q7Z1V1_ALA_117_A	0	0	0	0	0
Q7Z1V1_ALA_118_A	0	0	0	0	0
Q7Z1V1_PRO_119_A	0	0	0	0	0
Q7Z1V1_TYR_120_A	0	0	0	0	0
Q7Z1V1_PRO_121_A	0	0	0	0	0
Q7Z1V1_ARG_122_A	0	0	0	0	0
Q7Z1V1_MET_123_A	0	1	0	1	0
Q7Z1V1_ARG_124_A	1	1	1	1	0
Q7Z1V1_GLU_125_A	0	0	0	0	0
Q7Z1V1_GLN_126_A	0	0	0	1	0
Q7Z1V1_LEU_127_A	1	1	1	1	1
Q7Z1V1_ASN_128_A	0	1	0	1	0
Q7Z1V1_PHE_129_A	0	0	0	0	0
Q7Z1V1_LEU_130_A	0	1	1	1	1
Q7Z1V1_ALA_131_A	0	1	0	1	0
Q7Z1V1_GLU_132_A	0	0	0	0	0
Q7Z1V1_GLU_133_A	0	0	0	0	0
Q7Z1V1_LEU_134_A	0	1	1	1	1
Q7Z1V1_THR_135_A	0	0	0	0	0
Q7Z1V1_ILE_136_A	0	0	0	0	0
Q7Z1V1_ALA_137_A	0	0	0	0	0
Q7Z1V1_LYS_138_A	0	0	0	0	0
Q7Z1V1_PHE_139_A	0	0	0	0	0
Q7Z1V1_GLN_140_A	0	0	0	0	0
Q7Z1V1_ASN_141_A	0	0	0	0	0
Q7Z1V1_PHE_142_A	0	0	0	0	0
Q7Z1V1_VAL_143_A	0	0	0	0	0
Q7Z1V1_PRO_144_A	0	0	0	0	0
Q7Z1V1_ALA_145_A	0	0	0	0	0
Q7Z1V1_ILE_146_A	0	0	0	0	0
Q7Z1V1_GLN_147_A	0	0	0	0	0
Q7Z1V1_HIS_148_A	0	0	0	0	0
Q7Z1V1_GLU_149_A	0	0	0	0	0
Q7Z1V1_VAL_150_A	0	0	0	0	0
Q7Z1V1_ARG_151_A	0	0	1	0	0
Q7Z1V1_LYS_152_A	0	0	0	0	0
Q7Z1V1_PHE_153_A	0	0	0	0	0
Q7Z1V1_MET_154_A	0	0	0	0	0
Q7Z1V1_ALA_155_A	0	0	0	0	0
Q7Z1V1_GLU_156_A	0	0	0	0	0
Q7Z1V1_ASN_157_A	0	0	0	0	0
Q7Z1V1_TRP_158_A	0	0	0	0	0
Q7Z1V1_LYS_159_A	0	0	0	0	0
Q7Z1V1_GLU_160_A	0	0	0	0	0
Q7Z1V1_ASP_161_A	0	0	0	0	0
Q7Z1V1_GLU_162_A	0	0	0	0	0
Q7Z1V1_GLY_163_A	0	0	0	0	0
Q7Z1V1_VAL_164_A	0	0	0	0	0
Q7Z1V1_ILE_165_A	0	0	0	0	0
Q7Z1V1_ASN_166_A	0	0	0	0	0
Q7Z1V1_LEU_167_A	0	0	0	0	0
Q7Z1V1_LEU_168_A	0	0	1	0	1
Q7Z1V1_GLU_169_A	0	0	0	0	1
Q7Z1V1_ASP_170_A	0	0	0	0	0
Q7Z1V1_CYS_171_A	0	0	0	0	0
Q7Z1V1_GLY_172_A	0	0	1	0	1
Q7Z1V1_ALA_173_A	0	0	0	0	1
Q7Z1V1_MET_174_A	0	0	0	0	0
Q7Z1V1_ILE_175_A	0	1	0	1	0
Q7Z1V1_ILE_176_A	0	0	0	0	1
Q7Z1V1_ASN_177_A	0	0	0	0	0
Q7Z1V1_THR_178_A	0	0	0	0	0
Q7Z1V1_ALA_179_A	0	1	1	1	1
Q7Z1V1_CYS_180_A	0	0	0	0	0
Q7Z1V1_GLN_181_A	0	0	0	0	0
Q7Z1V1_CYS_182_A	0	0	0	0	0
Q7Z1V1_LEU_183_A	0	1	1	1	1
Q7Z1V1_PHE_184_A	0	0	0	0	0
Q7Z1V1_GLY_185_A	0	0	0	0	0
Q7Z1V1_GLU_186_A	0	0	0	0	0
Q7Z1V1_ASP_187_A	0	0	0	0	0
Q7Z1V1_LEU_188_A	0	0	0	0	0
Q7Z1V1_ARG_189_A	0	0	0	0	0
Q7Z1V1_LYS_190_A	0	0	0	0	0
Q7Z1V1_ARG_191_A	0	0	0	0	0
Q7Z1V1_LEU_192_A	0	0	0	0	0
Q7Z1V1_ASN_193_A	0	0	0	0	0
Q7Z1V1_ALA_194_A	0	0	0	0	0
Q7Z1V1_ARG_195_A	0	0	0	0	0
Q7Z1V1_HIS_196_A	0	0	0	0	0
Q7Z1V1_PHE_197_A	0	0	0	0	0
Q7Z1V1_ALA_198_A	0	0	0	0	1
Q7Z1V1_GLN_199_A	0	0	0	0	0
Q7Z1V1_LEU_200_A	0	0	0	0	0
Q7Z1V1_LEU_201_A	0	0	0	0	1
Q7Z1V1_SER_202_A	0	0	0	0	1
Q7Z1V1_LYS_203_A	0	0	0	0	0
Q7Z1V1_MET_204_A	0	0	0	0	0
Q7Z1V1_GLU_205_A	0	1	1	0	1
Q7Z1V1_SER_206_A	0	0	0	0	0
Q7Z1V1_SER_207_A	0	0	0	0	0
Q7Z1V1_LEU_208_A	0	1	0	1	0
Q7Z1V1_ILE_209_A	0	0	0	1	0
Q7Z1V1_PRO_210_A	0	1	1	1	1
Q7Z1V1_ALA_211_A	0	0	0	1	1
Q7Z1V1_ALA_212_A	0	0	0	0	0
Q7Z1V1_VAL_213_A	0	1	1	1	1
Q7Z1V1_PHE_214_A	0	0	1	1	1
Q7Z1V1_MET_215_A	0	0	0	0	0
Q7Z1V1_PRO_216_A	0	0	0	0	0
Q7Z1V1_TRP_217_A	0	0	0	0	0
Q7Z1V1_LEU_218_A	0	0	0	0	0
Q7Z1V1_LEU_219_A	0	0	0	0	0
Q7Z1V1_ARG_220_A	0	0	0	0	0
Q7Z1V1_LEU_221_A	0	0	0	0	0
Q7Z1V1_PRO_222_A	0	0	0	0	0
Q7Z1V1_LEU_223_A	0	0	0	0	0
Q7Z1V1_PRO_224_A	0	0	0	0	0
Q7Z1V1_GLN_225_A	0	0	0	0	0
Q7Z1V1_SER_226_A	0	0	0	0	0
Q7Z1V1_ALA_227_A	0	0	0	0	0
Q7Z1V1_ARG_228_A	0	0	0	0	0
Q7Z1V1_CYS_229_A	0	0	0	0	0
Q7Z1V1_ARG_230_A	0	0	0	0	0
Q7Z1V1_GLU_231_A	0	0	0	0	0
Q7Z1V1_ALA_232_A	0	0	0	0	0
Q7Z1V1_ARG_233_A	0	0	0	0	0
Q7Z1V1_ALA_234_A	0	0	0	0	0
Q7Z1V1_GLU_235_A	0	0	0	0	0
Q7Z1V1_LEU_236_A	0	0	0	0	0
Q7Z1V1_GLN_237_A	0	0	0	0	0
Q7Z1V1_LYS_238_A	0	0	0	0	0
Q7Z1V1_ILE_239_A	0	0	0	0	0
Q7Z1V1_LEU_240_A	0	0	0	0	0
Q7Z1V1_GLY_241_A	0	0	0	0	0
Q7Z1V1_GLU_242_A	0	0	0	0	0
Q7Z1V1_ILE_243_A	0	0	0	0	0
Q7Z1V1_ILE_244_A	0	0	0	0	0
Q7Z1V1_VAL_245_A	0	0	0	0	0
Q7Z1V1_ALA_246_A	0	0	0	0	0
Q7Z1V1_ARG_247_A	0	0	0	0	0
Q7Z1V1_GLU_248_A	0	0	0	0	0
Q7Z1V1_LYS_249_A	0	0	0	0	0
Q7Z1V1_GLU_250_A	0	0	0	0	0
Q7Z1V1_GLU_251_A	0	0	0	0	0
Q7Z1V1_ALA_252_A	0	0	0	0	0
Q7Z1V1_SER_253_A	0	0	0	0	0
Q7Z1V1_LYS_254_A	0	0	0	0	0
Q7Z1V1_ASP_255_A	0	0	0	0	0
Q7Z1V1_ASN_256_A	0	0	0	0	0
Q7Z1V1_ASN_257_A	0	0	0	0	0
Q7Z1V1_THR_258_A	0	0	0	0	0
Q7Z1V1_SER_259_A	0	0	0	0	0
Q7Z1V1_ASP_260_A	0	0	0	0	0
Q7Z1V1_LEU_261_A	0	1	0	1	0
Q7Z1V1_LEU_262_A	0	0	0	0	0
Q7Z1V1_GLY_263_A	0	0	0	0	0
Q7Z1V1_GLY_264_A	0	0	0	0	0
Q7Z1V1_LEU_265_A	0	0	0	0	0
Q7Z1V1_LEU_266_A	0	0	0	0	0
Q7Z1V1_LYS_267_A	0	0	0	0	0
Q7Z1V1_ALA_268_A	0	0	0	0	0
Q7Z1V1_VAL_269_A	0	0	0	0	0
Q7Z1V1_TYR_270_A	0	0	0	0	0
Q7Z1V1_ARG_271_A	0	0	0	0	0
Q7Z1V1_ASP_272_A	0	0	0	0	0
Q7Z1V1_GLY_273_A	0	0	0	0	0
Q7Z1V1_THR_274_A	0	0	0	0	0
Q7Z1V1_ARG_275_A	0	0	0	0	0
Q7Z1V1_MET_276_A	0	0	0	0	0
Q7Z1V1_SER_277_A	0	0	0	0	0
Q7Z1V1_LEU_278_A	0	0	0	0	0
Q7Z1V1_HIS_279_A	0	0	0	0	0
Q7Z1V1_GLU_280_A	0	0	0	0	0
Q7Z1V1_VAL_281_A	0	0	0	0	0
Q7Z1V1_CYS_282_A	0	0	0	0	0
Q7Z1V1_GLY_283_A	1	1	0	1	0
Q7Z1V1_MET_284_A	0	1	0	1	0
Q7Z1V1_ILE_285_A	0	0	0	0	0
Q7Z1V1_VAL_286_A	0	1	0	1	0
Q7Z1V1_ALA_287_A	1	1	1	1	1
Q7Z1V1_ALA_288_A	0	1	1	1	1
Q7Z1V1_MET_289_A	0	1	1	1	1
Q7Z1V1_PHE_290_A	1	1	1	1	1
Q7Z1V1_ALA_291_A	1	1	1	1	1
Q7Z1V1_GLY_292_A	1	1	1	1	1
Q7Z1V1_GLN_293_A	0	1	1	1	1
Q7Z1V1_HIS_294_A	0	1	1	1	1
Q7Z1V1_THR_295_A	1	1	1	1	1
Q7Z1V1_SER_296_A	1	1	1	1	1
Q7Z1V1_THR_297_A	0	0	1	1	1
Q7Z1V1_ILE_298_A	0	1	1	0	1
Q7Z1V1_THR_299_A	1	1	1	1	1
Q7Z1V1_THR_300_A	1	0	0	0	0
Q7Z1V1_SER_301_A	0	0	0	0	0
Q7Z1V1_TRP_302_A	0	0	0	0	0
Q7Z1V1_SER_303_A	0	0	0	0	0
Q7Z1V1_MET_304_A	0	0	0	0	0
Q7Z1V1_LEU_305_A	0	0	0	0	0
Q7Z1V1_HIS_306_A	0	0	0	0	1
Q7Z1V1_LEU_307_A	0	0	0	0	0
Q7Z1V1_MET_308_A	0	0	0	0	0
Q7Z1V1_HIS_309_A	0	0	0	0	1
Q7Z1V1_PRO_310_A	0	0	0	0	0
Q7Z1V1_LYS_311_A	0	0	0	0	1
Q7Z1V1_ASN_312_A	0	0	0	0	1
Q7Z1V1_LYS_313_A	0	0	0	0	0
Q7Z1V1_LYS_314_A	0	0	0	0	0
Q7Z1V1_TRP_315_A	0	0	0	0	0
Q7Z1V1_LEU_316_A	0	0	0	0	0
Q7Z1V1_ASP_317_A	0	0	0	0	0
Q7Z1V1_LYS_318_A	0	0	0	0	0
Q7Z1V1_LEU_319_A	0	0	0	0	0
Q7Z1V1_HIS_320_A	0	0	0	0	0
Q7Z1V1_LYS_321_A	0	0	0	0	0
Q7Z1V1_GLU_322_A	0	0	0	0	0
Q7Z1V1_ILE_323_A	0	0	0	0	0
Q7Z1V1_ASP_324_A	0	0	1	0	0
Q7Z1V1_GLU_325_A	0	0	0	0	0
Q7Z1V1_PHE_326_A	0	0	0	0	0
Q7Z1V1_PRO_327_A	0	0	0	0	0
Q7Z1V1_ALA_328_A	0	0	1	0	0
Q7Z1V1_GLN_329_A	0	0	0	0	0
Q7Z1V1_LEU_330_A	0	0	0	0	0
Q7Z1V1_ASN_331_A	0	0	0	0	0
Q7Z1V1_TYR_332_A	0	0	0	0	0
Q7Z1V1_ASP_333_A	0	0	0	0	0
Q7Z1V1_ASN_334_A	0	0	0	0	0
Q7Z1V1_VAL_335_A	0	0	0	0	0
Q7Z1V1_MET_336_A	0	0	0	0	0
Q7Z1V1_ASP_337_A	0	0	0	0	0
Q7Z1V1_GLU_338_A	0	0	0	0	0
Q7Z1V1_MET_339_A	0	0	0	0	0
Q7Z1V1_PRO_340_A	0	0	0	0	0
Q7Z1V1_PHE_341_A	0	0	0	0	0
Q7Z1V1_ALA_342_A	0	0	0	0	0
Q7Z1V1_GLU_343_A	0	0	0	0	0
Q7Z1V1_ARG_344_A	0	0	0	0	1
Q7Z1V1_CYS_345_A	0	0	0	0	0
Q7Z1V1_VAL_346_A	0	0	1	1	0
Q7Z1V1_ARG_347_A	0	0	0	0	1
Q7Z1V1_GLU_348_A	0	0	0	0	1
Q7Z1V1_SER_349_A	0	0	0	0	0
Q7Z1V1_ILE_350_A	0	1	1	1	1
Q7Z1V1_ARG_351_A	0	0	0	0	1
Q7Z1V1_ARG_352_A	0	0	0	0	1
Q7Z1V1_ASP_353_A	0	0	0	0	0
Q7Z1V1_PRO_354_A	0	1	0	1	0
Q7Z1V1_PRO_355_A	1	1	1	1	1
Q7Z1V1_LEU_356_A	1	1	1	1	1
Q7Z1V1_LEU_357_A	0	1	1	1	1
Q7Z1V1_MET_358_A	0	1	1	1	1
Q7Z1V1_VAL_359_A	1	1	1	1	1
Q7Z1V1_MET_360_A	1	1	1	1	1
Q7Z1V1_ARG_361_A	1	1	1	1	1
Q7Z1V1_MET_362_A	0	0	0	0	0
Q7Z1V1_VAL_363_A	0	0	0	0	0
Q7Z1V1_LYS_364_A	0	0	0	0	0
Q7Z1V1_ALA_365_A	0	0	0	0	0
Q7Z1V1_GLU_366_A	0	0	1	0	0
Q7Z1V1_VAL_367_A	0	0	0	0	0
Q7Z1V1_LYS_368_A	0	0	0	0	0
Q7Z1V1_VAL_369_A	0	0	0	0	0
Q7Z1V1_GLY_370_A	0	0	0	0	0
Q7Z1V1_SER_371_A	0	0	0	0	0
Q7Z1V1_TYR_372_A	0	0	0	0	0
Q7Z1V1_VAL_373_A	0	0	0	0	0
Q7Z1V1_VAL_374_A	0	0	0	0	0
Q7Z1V1_PRO_375_A	0	0	1	0	0
Q7Z1V1_LYS_376_A	0	0	1	0	0
Q7Z1V1_GLY_377_A	0	0	0	0	0
Q7Z1V1_ASP_378_A	0	0	0	0	0
Q7Z1V1_ILE_379_A	0	0	0	0	0
Q7Z1V1_ILE_380_A	0	0	0	0	0
Q7Z1V1_ALA_381_A	1	0	0	0	0
Q7Z1V1_CYS_382_A	1	0	0	0	0
Q7Z1V1_SER_383_A	0	0	0	0	0
Q7Z1V1_PRO_384_A	0	1	1	1	0
Q7Z1V1_LEU_385_A	0	0	0	0	0
Q7Z1V1_LEU_386_A	0	0	0	0	0
Q7Z1V1_SER_387_A	0	0	0	0	0
Q7Z1V1_HIS_388_A	0	0	0	0	0
Q7Z1V1_HIS_389_A	0	0	0	0	0
Q7Z1V1_ASP_390_A	0	0	0	0	0
Q7Z1V1_GLU_391_A	0	0	0	0	0
Q7Z1V1_GLU_392_A	0	0	0	0	0
Q7Z1V1_ALA_393_A	0	0	0	0	0
Q7Z1V1_PHE_394_A	0	0	0	0	1
Q7Z1V1_PRO_395_A	0	0	0	0	0
Q7Z1V1_ASN_396_A	0	0	0	0	0
Q7Z1V1_PRO_397_A	0	0	0	0	0
Q7Z1V1_ARG_398_A	0	0	0	0	1
Q7Z1V1_LEU_399_A	0	0	0	0	1
Q7Z1V1_TRP_400_A	0	0	0	0	1
Q7Z1V1_ASP_401_A	0	0	0	0	0
Q7Z1V1_PRO_402_A	0	0	0	0	1
Q7Z1V1_GLU_403_A	0	0	0	0	0
Q7Z1V1_ARG_404_A	0	0	0	0	1
Q7Z1V1_ASP_405_A	0	0	0	0	1
Q7Z1V1_GLU_406_A	0	0	0	0	1
Q7Z1V1_LYS_407_A	0	0	0	0	0
Q7Z1V1_VAL_408_A	0	0	0	0	0
Q7Z1V1_ASP_409_A	0	0	0	0	0
Q7Z1V1_GLY_410_A	0	0	0	0	0
Q7Z1V1_ALA_411_A	0	0	0	0	0
Q7Z1V1_PHE_412_A	0	0	0	0	1
Q7Z1V1_ILE_413_A	0	1	1	1	1
Q7Z1V1_GLY_414_A	1	1	1	1	1
Q7Z1V1_PHE_415_A	1	1	1	1	1
Q7Z1V1_GLY_416_A	1	1	1	1	1
Q7Z1V1_ALA_417_A	0	1	0	1	1
Q7Z1V1_GLY_418_A	0	1	0	0	0
Q7Z1V1_VAL_419_A	0	1	0	1	0
Q7Z1V1_HIS_420_A	1	1	1	1	1
Q7Z1V1_LYS_421_A	1	1	1	1	1
Q7Z1V1_CYS_422_A	1	1	1	1	1
Q7Z1V1_ILE_423_A	1	1	1	1	1
Q7Z1V1_GLY_424_A	1	1	1	1	1
Q7Z1V1_GLN_425_A	0	1	0	1	0
Q7Z1V1_LYS_426_A	0	0	0	1	0
Q7Z1V1_PHE_427_A	0	1	1	1	1
Q7Z1V1_ALA_428_A	1	1	1	1	1
Q7Z1V1_LEU_429_A	0	1	1	1	0
Q7Z1V1_LEU_430_A	0	0	0	0	0
Q7Z1V1_GLN_431_A	0	1	0	1	1
Q7Z1V1_VAL_432_A	0	0	1	1	0
Q7Z1V1_LYS_433_A	0	0	0	0	0
Q7Z1V1_THR_434_A	0	0	0	0	0
Q7Z1V1_ILE_435_A	0	0	0	0	0
Q7Z1V1_LEU_436_A	0	0	0	0	0
Q7Z1V1_ALA_437_A	0	0	0	0	0
Q7Z1V1_THR_438_A	0	0	0	0	0
Q7Z1V1_ALA_439_A	0	0	0	0	0
Q7Z1V1_PHE_440_A	0	0	0	0	0
Q7Z1V1_ARG_441_A	0	0	1	0	0
Q7Z1V1_GLU_442_A	0	0	1	0	0
Q7Z1V1_TYR_443_A	0	0	0	0	0
Q7Z1V1_ASP_444_A	0	0	1	0	0
Q7Z1V1_PHE_445_A	0	0	0	0	0
Q7Z1V1_GLN_446_A	0	0	0	0	0
Q7Z1V1_LEU_447_A	0	0	0	0	0
Q7Z1V1_LEU_448_A	0	0	0	0	0
Q7Z1V1_ARG_449_A	0	0	0	0	0
Q7Z1V1_ASP_450_A	0	0	0	0	0
Q7Z1V1_GLU_451_A	0	0	0	0	1
Q7Z1V1_VAL_452_A	0	0	0	0	1
Q7Z1V1_PRO_453_A	0	0	0	0	0
Q7Z1V1_ASP_454_A	0	0	0	0	0
Q7Z1V1_PRO_455_A	0	0	0	0	0
Q7Z1V1_ASP_456_A	0	0	1	0	0
Q7Z1V1_TYR_457_A	0	0	1	0	1
Q7Z1V1_HIS_458_A	0	0	0	0	0
Q7Z1V1_THR_459_A	0	1	1	1	1
Q7Z1V1_MET_460_A	0	1	1	1	1
Q7Z1V1_VAL_461_A	1	1	1	1	1
Q7Z1V1_VAL_462_A	0	1	0	1	0
Q7Z1V1_GLY_463_A	0	0	1	0	0
Q7Z1V1_PRO_464_A	0	0	1	0	0
Q7Z1V1_THR_465_A	0	0	0	0	0
Q7Z1V1_LEU_466_A	0	0	1	0	1
Q7Z1V1_ASN_467_A	0	0	0	0	0
Q7Z1V1_GLN_468_A	0	0	0	0	0
Q7Z1V1_CYS_469_A	0	0	0	0	0
Q7Z1V1_LEU_470_A	0	0	0	0	0
Q7Z1V1_VAL_471_A	0	0	0	0	0
Q7Z1V1_LYS_472_A	0	0	0	0	0
Q7Z1V1_TYR_473_A	0	0	0	0	0
Q7Z1V1_THR_474_A	0	0	0	0	0
Q7Z1V1_ARG_475_A	0	0	1	0	0
Q7Z1V1_LYS_476_A	0	0	1	0	0
Q7Z1V1_LYS_477_A	0	0	1	0	0
Q7Z1V1_LYS_478_A	0	0	1	0	0
Q7Z1V1_LEU_479_A	0	0	1	0	0
Q7Z1V1_PRO_480_A	0	0	1	0	0
Q7Z1V1_SER_481_A	0	0	1	0	0 481 residuos 